use wuzzuff;

DROP TABLE IF EXISTS `user_skill`;
DROP TABLE IF EXISTS `user`;

CREATE TABLE `user` (
  `email` varchar(50) NOT NULL,
  `username` varchar(50) NOT NULL,
  `password` varchar(50) NOT NULL,
  `country` varchar(50) DEFAULT NULL,
  `city` varchar(25) DEFAULT NULL,
  `district` varchar(25) DEFAULT NULL,
  `experience` int DEFAULT NULL,
  `no_experience` tinyint(1) DEFAULT NULL,
  `GPA` double DEFAULT NULL,
  `phone_num` varchar(30) DEFAULT NULL,
  `BOD` date DEFAULT NULL,
  `gender` char(1) DEFAULT NULL,
  `first_name` varchar(15) NOT NULL,
  `middle_name` varchar(15) DEFAULT NULL,
  `last_name` varchar(15) NOT NULL,
  PRIMARY KEY (`email`)
);

INSERT INTO `user` VALUES ('abbottjoseph@example.org','Kathleen Maddox','iywTW&iA%6','Solomon Islands','Port Annemouth','East Side',1,0,0.94,'001-907-967-9843x9584',NULL,'M','Curtis','Bowen','Cook\r'),('adam43@example.net','David Scott','o)6uHsDbo(','Dominican Republic','North Gordonton','West End',13,1,2.35,'(895)577-1653',NULL,'F','Robert','Hill','Blake\r'),('adam95@example.com','Marissa Roach','T8l(&1Ip%d','Faroe Islands','Derrickborough','East Side',16,1,0.21,'661.304.0186',NULL,'F','Jeffrey','Ortiz','Liu\r'),('adamchapman@example.com','Natalie Mckinney','*6WErdz6X2','Mexico','Lake Kevinbury','West End',8,0,1.72,'001-337-854-5441x2197',NULL,'F','John','Short','Lewis\r'),('adamsbonnie@example.net','Nicole Sanford','$QiJp7Xip$','Ukraine','Jonestown','Riverside',2,1,2.15,'912-355-4017x952',NULL,'F','Scott','Smith','Wilson\r'),('adamsshelia@example.org','Caitlin Williams','ii5qES!B%^','Anguilla','Garnerburgh','West End',3,1,0.92,'001-795-768-4811',NULL,'M','Anthony','Santiago','Simpson\r'),('alan51@example.org','Trevor Duncan','+6QhHqiFWc','Senegal','Angelaview','East Side',6,0,1.82,'001-300-298-7726',NULL,'F','April','Morales','Cruz\r'),('alawrence@example.com','April Mullen','!635rLSuX#','Burkina Faso','East Chad','East Side',2,0,1.39,'(825)670-3936x599',NULL,'M','Alexander','Leonard','Martin\r'),('albertjacobs@example.net','Timothy Kelley','C(s9RSJisv','Algeria','North Savannah','Uptown',8,0,1.84,'667.534.4042',NULL,'M','Brendan','Vang','Jordan\r'),('alejandrakeller@example.com','Tracy Anderson','d5FP)KAk%8','Slovakia (Slovak Republic)','Port Jeannemouth','Riverside',9,0,2.16,'882-431-7337',NULL,'M','Jeff','Eaton','Pierce\r'),('alejandro86@example.com','Chelsea Clarke','_a*LCMCxK1','Colombia','South Adrian','East Side',7,1,1.52,'910-400-6409x75784',NULL,'M','Tara','Mcconnell','Bailey\r'),('alexis71@example.com','Angela Allen','q1nD6yGg#Y','Germany','Port Mikechester','West End',6,0,0.79,'001-672-882-8712x513',NULL,'F','Joshua','Velasquez','Blake\r'),('alexisanderson@example.net','Stephanie Andrews','E!2Mozab&3','Taiwan','Bowerstown','West End',9,1,2.69,'(390)974-0479',NULL,'M','Shelley','Hudson','Jimenez\r'),('allenbecky@example.org','Robert Lara','2J@H91WzjA','Montenegro','Lake Benjamin','Uptown',2,0,2.93,'001-214-780-2206x88055',NULL,'F','Amanda','Simmons','Gutierrez\r'),('allendiana@example.com','Roger Green','7WX(ljlp^N','Micronesia','Susanburgh','Central',3,1,0.2,'001-529-539-6607x1311',NULL,'M','Paul','Andrade','King\r'),('allenmelissa@example.net','Yolanda Ware','+#G8Mvmtm!','Guinea','Bakerland','Central',1,0,3.19,'471.578.5469x7735',NULL,'M','Brittney','Kirk','Parks\r'),('allenpaul@example.net','Leslie Bean','Dz8(!6Zn2_','Australia','Benjaminborough','Uptown',12,0,2.77,'840.609.8848',NULL,'F','Nathan','Kennedy','Taylor\r'),('allison06@example.net','Dylan Jones','KM*U6jDj8x','Eritrea','North Angelicamouth','Riverside',4,0,0.4,'647-932-2212x8908',NULL,'F','Andrew','Phillips','Robles\r'),('amandaortiz@example.com','Jessica Horn','^Fz5bmVkXv','Angola','Douglasfurt','West End',5,0,3.34,'582-515-0516',NULL,'M','Garrett','Deleon','Long\r'),('amber17@example.com','David Mitchell','i0oX1vAT@B','Luxembourg','North Angelahaven','East Side',8,0,2.74,'938.442.0566',NULL,'F','Tammy','Cohen','Lara\r'),('amberrogers@example.com','Wanda Reynolds','%1IoK0qBJz','Guatemala','Evansmouth','Uptown',2,0,1.47,'6384023906',NULL,'F','Michael','Choi','Rice\r'),('amy33@example.org','William Mitchell','gG2DGXa!(0','Cambodia','Campbellberg','Central',8,1,0.94,'5754049382',NULL,'F','Cody','Conner','Solis\r'),('amyflores@example.org','Eric Tran','@9FWbpzUw8','Guernsey','South Alice','Downtown',14,1,2.68,'001-201-537-2404x574',NULL,'F','Vicki','Edwards','Rangel\r'),('andersonjennifer@example.org','Patrick Jordan','@k!38NiN1(','Estonia','South Janice','Riverside',10,0,0.24,'676.203.6468',NULL,'M','Jessica','Davis','Small\r'),('andrea55@example.net','Ralph Barnett','_JEbT1MV8v','Falkland Islands (Malvinas)','Donnaberg','Downtown',4,0,1.13,'228-214-7102',NULL,'F','Robert','Riggs','Garcia\r'),('andresaguilar@example.org','Patricia Davenport','A$WpC9Loju','Cuba','New Beverly','Uptown',1,0,3.47,'475.202.5342x53093',NULL,'F','Shawn','Jones','Warren\r'),('andrewcameron@example.com','Paige Buchanan','!40T)V9k$t','Spain','Raymondmouth','West End',13,0,1.42,'+1-724-710-4522x326',NULL,'F','Richard','Gibson','Smith\r'),('andrewcook@example.com','Amy Baker','v$T2FSpg+b','Pitcairn Islands','Port Scottfort','East Side',13,1,2.82,'(305)754-5806x151',NULL,'F','Travis','Johnson','Mitchell\r'),('angelasims@example.com','Mark Mcneil','pJo1HzcX$6','Saint Barthelemy','Simmonsbury','Downtown',0,0,0.17,'(279)346-1125x560',NULL,'F','Kara','Diaz','Cunningham\r'),('annaturner@example.org','Holly White','p!6cIXz+QS','Western Sahara','Port Christina','Uptown',16,0,3.42,'381.604.4286',NULL,'F','Jennifer','Lewis','Smith\r'),('annjones@example.com','Brenda Rivera','B@%0AO0zdf','Greece','Drakeview','Central',12,0,2.36,'(257)588-5772x43173',NULL,'F','David','Cochran','Roberts\r'),('aphillips@example.com','Patrick Hood','(z4#WV+hnl','Netherlands Antilles','South Ronald','Uptown',1,0,3.21,'(402)260-8220',NULL,'M','Vanessa','Burke','Henderson\r'),('april08@example.com','Kathleen Vasquez','$#pI9WJdi6','Haiti','Rachelshire','Downtown',7,1,3.42,'+1-504-944-1942x43417',NULL,'M','Juan','Cortez','Clements\r'),('april30@example.com','Heidi Porter','w(L87zAm_V','Colombia','Lake Michele','Downtown',5,1,3.89,'6632551409',NULL,'M','Emily','Morales','Smith\r'),('april78@example.net','Marco Foster IV','3)!2CCkXK_','Gambia','South Josephton','Downtown',15,0,2.73,'2265828326',NULL,'F','Caitlin','Cox','Miller\r'),('aprilharris@example.org','Thomas Harris','&vYJxNOJ4S','Svalbard & Jan Mayen Islands','West Johnnyfort','Riverside',0,1,2.85,'+1-796-764-2251x5155',NULL,'M','Susan','Wong','Cobb\r'),('arroyolisa@example.org','Laura Pearson','(KAtXk^ne9','Slovenia','North Jamieshire','West End',1,1,0.66,'3555507633',NULL,'M','Anthony','Cameron','Perez\r'),('arthur11@example.com','John Castillo','%c87M(hIs@','Bermuda','New Alexisside','Downtown',1,0,3.45,'001-433-763-9219x839',NULL,'F','Meredith','Robles','Townsend\r'),('ashley23@example.com','Phillip Deleon','&M09C$bP+x','Micronesia','East Jennastad','East Side',4,0,3.23,'382-572-4069',NULL,'F','Austin','Smith','Wang\r'),('ashley31@example.com','Katherine Carter','gNHS2)uo9!','Cook Islands','Gillhaven','Downtown',16,1,1.31,'001-891-604-7171x5397',NULL,'F','Sarah','Terry','Goodman\r'),('ashleylee@example.com','John Berry','$8xeeR7iBi','Maldives','West Jasonton','Riverside',9,1,1.16,'607.738.6294',NULL,'M','Steven','Davis','Dixon\r'),('ashleyvargas@example.com','Jenny Moran','Ux7XXvEg$^','Christmas Island','Colinville','Riverside',11,1,0.76,'+1-837-371-9667x391',NULL,'M','Anthony','Freeman','Ortiz\r'),('austinjesse@example.net','Colleen Vaughan','dm25GYGf@)','Ecuador','Lake Jamesberg','Downtown',6,1,3.53,'929.395.5255',NULL,'F','Nicholas','Ochoa','Williams\r'),('autumn83@example.org','Bradley Jacobson','j4__EALe$g','Kyrgyz Republic','Harperland','Central',3,1,3.46,'521-707-9968',NULL,'M','Jeremy','Stafford','Young\r'),('bbailey@example.net','Samantha Russell','K(WpZ8YiS&','Tunisia','Kristinbury','West End',16,0,2.48,'497-984-5575',NULL,'M','Nicholas','Mcintosh','Eaton\r'),('bbauer@example.org','Nicole Moore','e1iJ+Ud0#&','Brunei Darussalam','Robertsview','West End',8,0,2.45,'001-508-803-4611',NULL,'M','Johnny','Campbell','Walton\r'),('bcampbell@example.org','Julia Hill','N_0!Xl(c7Q','Ireland','Hollyfurt','Uptown',14,0,3.24,'8748259283',NULL,'M','Mark','Miller','Rodriguez\r'),('beckmaria@example.net','John Fitzgerald','BTAF8da9(9','Lithuania','Alejandraton','Downtown',9,0,1.42,'5509350391',NULL,'M','Gary','Swanson','Miranda\r'),('benjamin52@example.org','Bradley Rivera','9_2QgfnFxq','Tajikistan','Katelynmouth','Downtown',13,1,2.09,'(918)726-0513x99002',NULL,'F','Gregory','Lynch','Harris\r'),('bensonandre@example.com','Robert Mcdaniel','JP0bH%3zO&','Mexico','West Christian','East Side',9,1,1.06,'649.530.4027',NULL,'F','Michelle','Miller','Smith\r'),('bensonjulie@example.net','Joseph Davis','UE2yvSja*0','United States of America','Michelechester','Downtown',15,0,1.74,'501-789-6540x532',NULL,'F','Andrea','Rogers','Miller\r'),('bernard61@example.org','Anthony Ramirez','%DCpoBY9t1','Philippines','Lake Luisbury','Riverside',6,0,0.9,'8278213434',NULL,'F','Joshua','Lambert','Peterson\r'),('betty26@example.com','Debra Delgado','S8Kt0+2J#W','France','Camposmouth','Central',4,1,1.5,'(422)909-4883',NULL,'M','Christopher','Young','Morales\r'),('bettygriffith@example.org','Katrina Hansen','$+^ey9Sy)v','Albania','Port Jonathan','Riverside',15,1,3.32,'(551)853-2710x2490',NULL,'F','Stephen','Alexander','Lam\r'),('bgoodman@example.com','Denise Griffith','e4BqbMr+&f','Italy','Timothytown','Uptown',10,0,1.43,'+1-786-884-2448x151',NULL,'M','David','Kirby','Patton\r'),('bingram@example.com','Nathaniel Thompson','P8RlF3Ir&G','Christmas Island','Alexaburgh','East Side',6,0,2.21,'588-376-7863x46234',NULL,'F','Joel','Stanley','Brewer\r'),('blake19@example.net','Brad Morrison','B6)Rr9EpO)','Zambia','Caldwellmouth','Downtown',8,0,2.85,'001-894-463-6105x764',NULL,'F','Jennifer','Padilla','Moreno\r'),('blakeryan@example.com','Sara Hunter','3iZEv3BpV^','Australia','Lake Angela','East Side',0,0,3.07,'001-828-206-5124x53454',NULL,'F','Johnny','Walton','Contreras\r'),('bmorris@example.net','Peter Evans','dt+5HhpL(B','Aruba','Port Pamela','West End',13,1,0.36,'(756)241-4457x5758',NULL,'M','Russell','Estes','Dean\r'),('boltonbonnie@example.com','Michael Wilson','C67pVqzu%Q','Czech Republic','West Kennethfort','East Side',1,1,3.77,'280.619.3257x05342',NULL,'F','Debra','Hernandez','Johnson\r'),('bowmanmichael@example.net','Sherry Duarte','2@REu6Jsty','Vanuatu','Paulport','Central',16,1,2.95,'+1-412-210-2622x80893',NULL,'F','Christina','Hinton','Montes\r'),('boyerconnie@example.org','Matthew Riggs','*3H%m5$s$9','Nepal','Katherineborough','Central',15,0,0.5,'818-263-4607x7444',NULL,'M','Bethany','Hahn','Phelps\r'),('bpowell@example.com','Katie Wyatt','*0HaGyfm&x','French Southern Territories','Clarkchester','Riverside',13,0,2.47,'(451)884-4754x009',NULL,'F','Nicholas','Hansen','Ayers\r'),('bradley23@example.org','David Hodge','s3CPatlI!Z','Guatemala','Lake Sabrina','West End',1,1,2.7,'(232)781-8805x584',NULL,'F','Jennifer','Whitaker','Mccormick\r'),('bradley34@example.org','Suzanne Peterson','$mCkgIhf&6','India','Michaelland','East Side',3,1,0.99,'(687)220-0659',NULL,'M','John','Arroyo','Mccoy\r'),('bradley44@example.net','Robert Coleman','&7(LkSFz#P','Indonesia','Lake Paultown','Central',14,1,2.11,'326-916-0928',NULL,'M','George','Shah','Brown\r'),('bradleypowers@example.com','Elizabeth Johnson','t*UJ6y1aeU','Angola','Lake Jeffreyside','East Side',0,0,3.93,'001-255-282-4380',NULL,'M','Aaron','Cole','Farley\r'),('bradphillips@example.org','Holly Hampton','rN)$8^FyJ7','Lebanon','Michelestad','Central',10,1,3.85,'549.429.9225x40162',NULL,'M','Mary','Reynolds','Clark\r'),('bradshawkim@example.net','Nicholas Robbins','*$OcctMbt0','Iraq','Wilkinsbury','Uptown',5,0,2.99,'001-362-894-7711x3477',NULL,'F','Diana','Fuentes','Wade\r'),('brandi43@example.com','Kathleen Greene','7cW@k8^b%)','Kuwait','East Laurashire','Downtown',5,0,0.3,'001-550-384-1566x59248',NULL,'F','Renee','English','Cardenas\r'),('brandon97@example.org','Austin Harvey','cv9ZsPun(m','Gambia','New Emma','East Side',0,1,0.26,'439.951.4057x74870',NULL,'F','Chris','Mullins','Hernandez\r'),('brandonbarrett@example.com','Debra Lee','U3sB0Wez@*','Colombia','Johnnyland','Central',4,1,2.49,'(233)443-5862',NULL,'F','Mark','Crawford','Fletcher\r'),('brandy98@example.org','Amy Bowers','q5NS%MWG(x','Thailand','Port Jenniferfort','East Side',9,0,0.42,'244.309.5257x8884',NULL,'M','Donald','Cox','Salinas\r'),('breanna83@example.org','Carrie Robertson','Am3BgJ4Wz$','Jersey','Claudiaton','East Side',2,0,2.99,'001-801-621-5123x280',NULL,'F','Michael','Carter','Sims\r'),('brenda84@example.org','Melinda Smith','NQ1cDnPO6#','Moldova','Melanieport','Uptown',0,0,3.62,'001-219-583-2606x3993',NULL,'F','Mary','Martinez','Hall\r'),('brendanguyen@example.com','Karen Kim','%U5vEZhdy(','Brunei Darussalam','Lake Johnton','Central',13,1,0.74,'887-285-2460x5008',NULL,'F','Karen','Olson','Miller\r'),('brian92@example.com','Curtis Black','_L*W8UaN3!','Macao','North Alexandraborough','West End',4,0,3.19,'848-715-3451',NULL,'F','Adam','Bradley','Davis\r'),('brittanyatkinson@example.org','Kristina Salas','%79UM&gr)V','Poland','Brownberg','Riverside',12,0,2.84,'9708296309',NULL,'F','Mark','Smith','Brown\r'),('brittanyjones@example.org','Brenda James','^P_9X9zW9H','Guatemala','Nicholsonmouth','Downtown',3,1,3.02,'412.223.6271',NULL,'M','Rachel','Smith','Campbell\r'),('bryantrobert@example.com','Jessica Moore','vf#E7Eet4C','Pitcairn Islands','Rayside','West End',1,1,0.61,'+1-217-229-9649',NULL,'F','Manuel','Wilson','White\r'),('bschmidt@example.org','Sean Morrison','2&Bh3En&P_','Singapore','South Amanda','Central',0,1,0.77,'929-774-3136',NULL,'F','Alan','Bender','Watts\r'),('bsingh@example.org','Shane Thomas','PNm^HCQw&7','Tanzania','West Eric','East Side',4,1,2.76,'979-233-4795',NULL,'M','Maria','Paul','Allen\r'),('burnschristina@example.com','Kevin Quinn','TfKrggRY@9','Cote d\'Ivoire','Abigailfort','West End',1,1,0.21,'+1-866-770-9526x5666',NULL,'M','Troy','Sherman','Michael\r'),('burnsstephanie@example.net','Michael Acosta','@I3UPOpq@H','Fiji','East Jerrybury','Riverside',0,1,3.63,'5594263207',NULL,'F','William','Baldwin','Gray\r'),('burtonamy@example.org','Jessica Campbell','cM6U2AyM))','North Macedonia','East William','Uptown',15,0,3.21,'276.875.9907',NULL,'M','Lisa','Perry','Wheeler\r'),('butlermanuel@example.net','Shawn Simmons','DK7TYy@a+a','Turkey','East Scott','West End',1,0,1.03,'491-221-0702x1297',NULL,'F','Shannon','Turner','Scott\r'),('campbelljoseph@example.net','Deborah Forbes','L69dY+Hj)x','Turks and Caicos Islands','Bellton','Riverside',0,0,2.14,'548.898.7036x32699',NULL,'F','Carla','Munoz','Mcdonald\r'),('camposjill@example.net','Sandra Evans','%2HH*6Jc(E','Cambodia','Alanmouth','West End',4,1,3.21,'(459)787-4906',NULL,'M','Laura','Brown','Ochoa\r'),('cardenaswilliam@example.org','Kimberly Mercer','%dm18LB6E(','Morocco','New Kristychester','East Side',14,1,1.31,'001-213-816-3866x29371',NULL,'F','Christopher','Clayton','Rios\r'),('carl81@example.net','Michael Vaughn','HHFC3q_j)1','Italy','North Samantha','Downtown',0,1,0.77,'410.672.6987x053',NULL,'M','Julia','Gibson','Hanson\r'),('carlosharvey@example.net','Sarah Miller','6911Ke$h&f','Kiribati','Port Kaylee','West End',3,1,2.58,'284.772.7673x4945',NULL,'F','Laura','Manning','Ortiz\r'),('cassandra57@example.com','Natasha Dixon','7Px7YKpC#q','Dominica','Douglashaven','Riverside',2,0,3.07,'477.826.2403x33382',NULL,'M','Matthew','Aguilar','Jones\r'),('cassidymartinez@example.org','Stacy Williams','!&z@_8CpY6','Bahrain','Reevesberg','East Side',1,0,3.84,'280.903.5692x75976',NULL,'F','Billy','Smith','Herrera\r'),('castillolaurie@example.com','Emily Cooper','!s%sB3Jw94','Turkey','East Stephanie','Central',6,1,2.21,'898.857.0018x89261',NULL,'F','Stephen','Cooley','White\r'),('castroamy@example.net','Kristin Murray','(007FolQp5','Saint Vincent and the Grenadines','Robertsonberg','West End',11,0,2.18,'287.959.8119',NULL,'M','Joseph','Perez','Parker\r'),('catherine52@example.org','William Hodge','RN9a^DUo_s','Haiti','Lake Stanleyshire','Riverside',2,1,2.43,'445-363-9298x204',NULL,'M','Douglas','Wolf','Todd\r'),('catherineharris@example.org','Sarah Johnston','G#d5Xu$WM$','Tokelau','Scottstad','Uptown',5,0,3.42,'935.268.7555',NULL,'M','Megan','Lee','Chandler\r'),('cbell@example.net','Michael Rose','v@D28Gmgh)','Spain','Baileymouth','East Side',7,0,4,'815-729-3785',NULL,'F','Jonathan','Williams','Pollard\r'),('ccollins@example.com','Amber Campbell','U2C*7eXbe5','Myanmar','Samanthaborough','Riverside',2,0,1.78,'869.793.4620x774',NULL,'F','Tara','Clark','Kemp\r'),('cfrye@example.org','Steven Grant','Uc5$1vMs0d','Egypt','Lake Timothy','Downtown',15,1,3.36,'001-751-674-2085x995',NULL,'F','Charlotte','Cooper','Taylor\r'),('chapmanjessica@example.org','Carrie Adams','x3gVHdWc)s','Oman','Amyport','Riverside',2,1,3.11,'+1-621-783-8785',NULL,'F','Paul','Whitehead','Hubbard\r'),('chaseaaron@example.org','Traci Weaver','@6Ser@ZlKY','Saint Martin','Joshuaville','Downtown',4,1,3.44,'(949)364-7525x50241',NULL,'F','Alicia','Mora','Haney\r'),('chavezrobin@example.com','Jeffrey Johnson','2@u8O9NsnN','Venezuela','Ernesthaven','East Side',14,0,3.55,'001-508-669-5831x469',NULL,'M','Kevin','Camacho','Mcgee\r'),('chelseagray@example.com','Danny Hall Jr.','QD6Cz_Er++','Antigua and Barbuda','West Larry','Central',2,0,1.67,'001-519-869-0922x8030',NULL,'M','Nicole','Johnson','Thompson\r'),('christensenmatthew@example.net','Dr. David Dunn DDS','*n(EJHOd30','Ukraine','Carrollmouth','Riverside',15,1,3.65,'347-867-8552x446',NULL,'M','Tara','Long','Turner\r'),('christian39@example.org','Emily Allen','_6UeduQC^o','Canada','Michaelshire','Riverside',7,1,0.21,'344-418-3064',NULL,'M','Thomas','Alvarez','Garcia\r'),('christianthornton@example.org','Kristen Young','F*gZ8YxeoY','Svalbard & Jan Mayen Islands','New Jenniferstad','Uptown',4,1,1.34,'+1-975-607-3968x76997',NULL,'F','Lisa','Aguilar','Vega\r'),('christina67@example.net','Johnny Davis','j)@1FPbq#o','Korea','Christinaberg','Downtown',13,1,2.94,'(555)548-8703',NULL,'F','Thomas','Lewis','Johnson\r'),('christina98@example.com','Valerie Rogers','(176iXy$oQ','Martinique','Cooperville','Riverside',12,1,0.3,'(739)244-5293x049',NULL,'M','Michelle','Morrison','Crawford\r'),('christinecontreras@example.com','Dennis Kelley',')7mQ8+akdJ','Somalia','Stevenberg','Uptown',7,1,3.17,'975.373.8149x069',NULL,'M','Kimberly','Simpson','Johnson\r'),('christopher38@example.com','Daniel Smith','$13RTsHqyw','Guinea','Dustinview','East Side',10,0,3.62,'270-653-4901x0317',NULL,'F','Timothy','Hernandez','Nguyen\r'),('christopher57@example.com','Alexandra Garcia','&^FbMIpx1i','Dominica','New Thomas','Riverside',15,0,3.77,'(693)424-7354',NULL,'F','Paul','Young','Miller\r'),('christopher83@example.org','Shannon Wolfe','X&ID8e9c_7','French Polynesia','Robertton','Riverside',12,0,1.37,'(721)294-8042x01143',NULL,'F','Eric','Morrow','Stephens\r'),('christopherlopez@example.org','Catherine Reyes','L)1Q^9@x1g','Panama','West Kristina','Central',8,0,3.48,'927-215-5223',NULL,'M','Christopher','Alvarez','Robinson\r'),('christopherwest@example.org','April Holland DDS','E03RqAps6@','Bahamas','Hortonchester','West End',2,0,2.58,'542-359-9793',NULL,'F','Stephanie','Oneal','Brown\r'),('claireking@example.net','Jason Taylor','OhDBo^(^%4','Zambia','New Adamfort','West End',7,1,3.92,'2518561812',NULL,'F','Debra','Coleman','Garcia\r'),('clarkjessica@example.com','Kevin Carson','^7G2$szW6)','Moldova','West Christopher','Uptown',10,0,0.65,'775.837.7272x92352',NULL,'M','Dennis','Andrade','Woodard\r'),('cmarshall@example.net','Michelle Donaldson','m0gkFIqC@1','Bolivia','Port Tommy','Riverside',15,1,2.76,'001-801-775-3474',NULL,'M','Jeremy','Anderson','Wilkins\r'),('cmaxwell@example.net','Stephanie Russell','14mqtQhl@h','Guatemala','East Andrewfurt','Downtown',8,0,1.32,'8566556102',NULL,'M','Jessica','Holt','Roberson\r'),('coffeyheather@example.com','Savannah Adams','a$q@9Bu$u^','Tuvalu','Bairdhaven','Uptown',6,0,0.09,'(266)822-6842x93203',NULL,'F','Kyle','Williams','Moon\r'),('colemankevin@example.org','Elizabeth Wolf','@@j^HHtHA6','Mauritius','West Kyleview','Downtown',3,1,3.94,'001-242-908-1534x56906',NULL,'M','Mindy','Diaz','Ballard\r'),('colliermichael@example.net','Crystal Harris','_1x*4Mk_d3','Marshall Islands','Garciamouth','Riverside',1,0,3.68,'772-384-1466',NULL,'M','Laurie','Cardenas','Jensen\r'),('contrerasshannon@example.net','Amy Brandt','OQ@T6PdQuL','Congo','Lake Timothyborough','Central',13,0,0.06,'(645)728-6831x147',NULL,'M','Christina','Ware','Torres\r'),('cookcharles@example.net','Curtis Murphy','@X6JWploQk','Bolivia','Paigeport','East Side',3,1,3.09,'001-839-974-7860x019',NULL,'F','Erin','Parker','Frederick\r'),('cookjody@example.org','Elizabeth Waters','+nSaO)AFk8','South Georgia and the South Sandwich Islands','North Joseph','East Side',3,0,2.4,'331-411-1478x91197',NULL,'M','David','Roman','Griffith\r'),('cphelps@example.org','Thomas Murphy','ZET147Oo^)','Samoa','Hardingville','East Side',1,1,2.74,'001-594-694-2136',NULL,'F','Yvonne','Nielsen','Joyce\r'),('craigsmith@example.com','Deborah Powers','XT!4MaTgUS','Portugal','Lake Jacobbury','Central',2,1,0.63,'+1-747-815-9246',NULL,'M','Joseph','Martin','Stevens\r'),('creed@example.net','Donald Goodwin','$JOz0TpONT','Latvia','Loriburgh','West End',16,1,1.21,'(674)382-8532',NULL,'F','Jill','Mcdaniel','Bryan\r'),('crhodes@example.net','Rachel Gonzalez','oPa%qHPz%8','Venezuela','Lake Dennis','East Side',15,0,0.09,'(626)775-4190x209',NULL,'M','Paul','Matthews','Haynes\r'),('crobles@example.com','Amy Wilson MD','eJ(%6Pu*Ot','Belize','New Nicholas','West End',11,1,3.12,'001-627-847-8606x402',NULL,'M','Dillon','Farrell','Bradley\r'),('cruznicole@example.com','Hannah Ruiz','AB6Zv8Er(C','Austria','Bruceville','Downtown',4,1,0.23,'(280)595-8356x97088',NULL,'F','Joshua','Kennedy','Buchanan\r'),('crystal01@example.com','Mark Wilson','38bshqH+&p','Mayotte','Sarahland','West End',14,0,1.26,'(777)809-2420',NULL,'M','Michelle','Cruz','Fowler\r'),('crystalmcpherson@example.com','David Moore','$F73Z4evj_','Peru','North Nicholas','West End',6,1,1.81,'(441)492-8897x19581',NULL,'M','Jacob','Rivas','Kline\r'),('crystalwebb@example.net','Sierra Woods','@eLzVzS#57','South Africa','Rodriguezchester','East Side',5,1,2.71,'(743)677-6426',NULL,'M','Shannon','Montgomery','Lee\r'),('csmith@example.org','John Thomas','wVH0UWSj%^','Martinique','Patriciaborough','West End',7,0,1.94,'525.455.5331',NULL,'F','Shawn','Coleman','Clayton\r'),('curtis79@example.com','Anthony Thornton','(8vrl@JrTD','Hong Kong','Hicksmouth','Central',12,0,1.73,'640.562.9533',NULL,'F','Kristine','Lam','Gordon\r'),('dale80@example.net','Christian Smith','^seb29Kzgd','Fiji','Charlesstad','Uptown',10,0,2.69,'673.961.1369',NULL,'F','Erica','Davis','Lynch\r'),('dalereese@example.com','Kathleen Perez','m8eNAK!P_w','Uruguay','Randyburgh','Downtown',16,1,1.84,'641-245-2616x0768',NULL,'F','Lindsey','White','Gaines\r'),('dandersen@example.org','Michael Barrera','J#H*7$Dq_D','Saint Helena','Castilloborough','Uptown',15,1,0.93,'+1-285-269-3744x28807',NULL,'M','Alicia','Bolton','Maxwell\r'),('daniel48@example.com','Troy Cooper','o_1QQjhiTz','El Salvador','Weberville','Downtown',1,1,1.98,'9729361280',NULL,'F','Scott','Mcdowell','Barrett\r'),('daniel65@example.org','Michelle Miller','d9CZbqqY*Z','Zimbabwe','East Lisa','Downtown',16,0,3.04,'+1-697-324-1155',NULL,'F','William','Weaver','Santos\r'),('danielcarter@example.com','Lisa Casey','+!@K3Ww+v0','Equatorial Guinea','East Kimberly','West End',1,1,3.8,'(323)251-1506x049',NULL,'M','Carolyn','Holland','Duncan\r'),('danieldawson@example.org','Samantha Wells','28hNK^ax*5','Kazakhstan','Jacksonchester','Riverside',12,0,2.2,'933-323-6576x74279',NULL,'M','Michael','Dickerson','Cherry\r'),('danielwilkerson@example.org','Erika Chavez','w!PnDu1e+2','Canada','Donnaview','Downtown',9,1,1.39,'797.416.9831',NULL,'M','Jeremy','Hurley','Koch\r'),('dannyturner@example.com','Chad Bradley','9s$eV+XW#@','Northern Mariana Islands','West Alexandraburgh','East Side',7,0,3.13,'+1-493-656-1054',NULL,'F','David','Moore','Hubbard\r'),('darrendean@example.org','Lydia Weiss','s9fOFLq^&l','Malawi','Russellchester','Downtown',6,1,0.76,'285.707.3035x9017',NULL,'F','Adam','Valdez','White\r'),('darryl35@example.org','Frances Fritz','J$v3C6xw9)','Timor-Leste','Nicolebury','Riverside',5,0,0.19,'(825)523-9530',NULL,'M','Scott','Mueller','Clark\r'),('david30@example.com','Isabella Jones','Wa^3OBfC5R','Italy','Alexischester','Central',7,0,3.08,'881.877.7134x35565',NULL,'F','Christopher','Duncan','Allen\r'),('davidhoward@example.org','Dr. Jennifer Ramos','jv2g3vPzJ$','United Arab Emirates','East Julia','West End',16,0,2.93,'721.549.4720',NULL,'M','Megan','Patterson','Johnson\r'),('davidwilson@example.org','Willie Smith','bX*x8FeYOF','Vanuatu','Smithport','Central',8,1,3.4,'221.450.6760x9624',NULL,'F','Sarah','Barron','Best\r'),('davischarles@example.org','Kelsey Ayala','p@4s9QhQen','Algeria','Barbaraberg','West End',0,0,3.81,'(521)985-3412',NULL,'F','Eric','Walker','Lopez\r'),('daviscorey@example.org','Kathryn Jackson','7^$5LNQkU^','Vanuatu','Christinafort','Downtown',5,0,1.63,'459.669.1470',NULL,'M','Brenda','Pratt','Lynn\r'),('dawsonamanda@example.com','Olivia Stephens','K0RqNg%A$Y','Turkey','Barbarahaven','Downtown',16,1,2.62,'+1-202-351-8384x024',NULL,'F','Shawn','Smith','Williams\r'),('dbryant@example.org','Sherry Jones','#Yc5#mXfCV','Liechtenstein','Lake Billymouth','West End',7,1,3.29,'2547960719',NULL,'M','Heather','Paul','Maxwell\r'),('ddiaz@example.net','Micheal Matthews','+1f7OOfK3i','Saint Lucia','Webbfort','Riverside',3,1,0.74,'(883)420-5889x637',NULL,'F','Randy','Jones','Scott\r'),('ddominguez@example.net','Jeffrey Baker',')p9bKCcobB','Hong Kong','Port Kevin','Central',11,1,3.37,'+1-389-828-1193x2537',NULL,'M','Carla','Aguilar','Fuller\r'),('deborah01@example.net','William Franco','gx57@BgXh*','Bahrain','West Lisamouth','Uptown',4,1,3.29,'3373025572',NULL,'M','Kenneth','Jones','Wright\r'),('dedwards@example.org','Justin Davies','AJ@^2ScX$b','Jersey','New Katiebury','West End',9,0,2.69,'812.329.7745',NULL,'F','Steven','Burgess','Flores\r'),('delgadothomas@example.net','Grace Tran','SUu3wTkZ5%','Djibouti','New Samuel','East Side',12,1,3.74,'707-606-1343x9840',NULL,'F','John','Richards','Perkins\r'),('dennisavery@example.org','Kelly Mitchell',')CZ4%Audk(','Austria','Port Jasonhaven','Central',14,1,2.92,'001-857-942-1888x468',NULL,'F','Rachel','White','Small\r'),('dennisking@example.com','Adam Tyler','a#)6Gq9wXn','Kiribati','East Curtisstad','West End',3,1,0.61,'001-820-966-6323x5948',NULL,'F','Donald','Watts','Henderson\r'),('derrickcohen@example.net','Aaron Perry','M_14Y9FyQw','Sao Tome and Principe','South Christophertown','Central',3,0,2.69,'846-903-4385',NULL,'F','Vanessa','Castro','Chen\r'),('devinbonilla@example.org','Stephanie Walker','r&HT0IIaUO','Portugal','Port Laurenbury','East Side',6,0,1.32,'771-837-9132',NULL,'F','Susan','Cain','Hubbard\r'),('dfox@example.org','Melissa Stone','$pV7XQssGW','Jersey','Caldwelltown','Riverside',14,0,1.77,'429-934-3015x6925',NULL,'F','Christina','Koch','Hood\r'),('diana00@example.net','Tina Church','HPX5R_RnV_','Comoros','West Kevin','Central',10,1,3.24,'(617)657-3012x39486',NULL,'F','Anthony','Rojas','Davis\r'),('diana27@example.net','Kimberly Roberts','tXy8FBKg7#','Spain','South David','East Side',3,1,2.46,'667-449-2372',NULL,'F','Elizabeth','Cantu','Wood\r'),('dianewilliams@example.net','Cynthia Stewart','DpY0D8H07)','American Samoa','East Jasonberg','East Side',6,1,2.34,'001-504-870-1989',NULL,'M','Denise','Munoz','Hernandez\r'),('dixonpamela@example.com','Andrew Mccarthy','reARLOMD#8','Saint Kitts and Nevis','Johnchester','East Side',6,1,1.37,'001-776-411-7348x6561',NULL,'M','Lauren','Spencer','White\r'),('djacobs@example.org','Abigail Coffey','+&QM)htku7','Tajikistan','East Christinaland','East Side',16,0,0.2,'466.790.2054x457',NULL,'F','James','Rodriguez','Dalton\r'),('donaldhernandez@example.com','Ronald Gallagher','&n&fzUO180','Bangladesh','Schultzstad','East Side',0,1,2.53,'(397)877-0137x904',NULL,'M','Kayla','Sullivan','Robles\r'),('donna32@example.com','Jeffrey Ward','4flyMrTL*Z','Faroe Islands','Lake Kennethchester','Downtown',6,1,0.71,'200.451.1435',NULL,'F','Angela','Butler','Daniel\r'),('donna61@example.org','Crystal Aguilar','#zOJmeqA57','Northern Mariana Islands','Wilkinsonberg','East Side',1,1,0.33,'655-732-0977',NULL,'M','Lisa','Munoz','Baker\r'),('donnahicks@example.com','Stephanie Kennedy','$7PjoQLFY#','Tokelau','Collinsport','Riverside',12,0,0.85,'926-808-8477x20310',NULL,'M','Michael','Martin','Mcmahon\r'),('drussell@example.org','Robin Turner','5JjYj%k$(7','British Indian Ocean Territory (Chagos Archipelago','New Emily','East Side',11,0,1.6,'+1-657-405-8426x2351',NULL,'F','Jonathan','Dennis','Scott\r'),('dturner@example.org','Cheryl Larson','vlv$)8Gzp&','Qatar','Nancychester','Riverside',6,1,2.6,'+1-621-874-1730x3242',NULL,'M','William','Bartlett','Castillo\r'),('dustingilmore@example.net','Paula Miller','ZU1!#ALys&','Tunisia','Jasonmouth','Uptown',9,1,0.42,'(331)882-5312x74091',NULL,'M','Robert','Brooks','Thomas\r'),('dwatkins@example.net','Sheila Doyle','y$8@X4tml^','Burkina Faso','Michellemouth','West End',14,1,3.39,'+1-274-471-6029x969',NULL,'F','Walter','Turner','Jones\r'),('dylan26@example.net','Angel Braun MD','3)_7NYqwI+','Thailand','East Matthewside','Riverside',9,0,2.77,'001-908-313-6754x253',NULL,'F','Cameron','Bennett','Lawson\r'),('dyoung@example.org','Scott Thompson','$0(FHi0cO(','Guam','Briannahaven','Riverside',8,0,3.38,'992-775-3749',NULL,'M','Ryan','Barnes','Maldonado\r'),('dzavala@example.com','Jennifer Pacheco','*1A+xMu6Jl','Netherlands Antilles','Lake Davidton','Downtown',13,1,3.05,'001-899-869-4183x4831',NULL,'F','Ryan','Reynolds','Frye\r'),('dzuniga@example.net','Amber Robles','4)8Q&@ZtFE','Burundi','Port Eric','Downtown',6,1,0.98,'(983)615-7815x992',NULL,'F','Monica','Cochran','Martinez\r'),('earl80@example.org','Amy Poole','x76PH#Yq@o','Jersey','West Gwendolyn','East Side',4,0,3.12,'(776)207-2608x512',NULL,'F','Jesus','Lowe','Gaines\r'),('eddienguyen@example.com','Evelyn Reeves','9$^XL54p+o','Mexico','West Patrick','Downtown',3,0,2.43,'(798)357-3327x22689',NULL,'M','Jeremiah','Walker','Wang\r'),('edgar19@example.com','Travis Gonzalez','NnSSJWe5+6','Congo','Lake Faith','Riverside',6,0,0.27,'(948)739-1366',NULL,'M','Matthew','Parker','Moore\r'),('edwardyoung@example.net','Gabrielle Lowe','(0*TJReeR4','Finland','Jonathanfurt','Riverside',3,1,1.99,'434.807.8892x63257',NULL,'M','Jesse','Torres','Kelley\r'),('ehawkins@example.org','Diana Collins','391IFfBz(7','Cambodia','Port William','Central',8,1,3.55,'+1-425-354-3370x93281',NULL,'M','Juan','Baker','Hall\r'),('elizabethhammond@example.net','Tamara Edwards','&+MXu9@(1%','Sudan','Port Claudia','West End',16,1,1.16,'(979)254-8847x934',NULL,'M','Jason','Osborne','Mcmahon\r'),('elizabethsanchez@example.com','Victoria Gonzalez','V+i3QMPcg0','Gibraltar','New Erin','West End',11,1,3.42,'320-858-6518x12872',NULL,'M','Edgar','Harper','Schwartz\r'),('emily04@example.com','Zachary Long','x6TumyuK%I','Liberia','New Kevinchester','East Side',15,1,0.78,'864.348.3814',NULL,'F','Andrew','Griffin','Lee\r'),('eric66@example.org','Michele Potter','&0ZZCt8gc2','Sudan','Bartonmouth','East Side',10,0,0.01,'(627)531-3298x16502',NULL,'M','Rebecca','Rodriguez','Watkins\r'),('erica72@example.com','Brianna Holder','MKi_7Qo+JD','Mexico','East Ashleychester','Uptown',12,0,3.81,'+1-939-630-4984x5810',NULL,'F','Kevin','Jones','Andrews\r'),('ericjohnson@example.com','Travis Thomas','w2k!Oq!g@N','Central African Republic','Davidville','East Side',7,1,0.8,'766.645.7351',NULL,'M','Deborah','Smith','Wilson\r'),('ericlee@example.net','Jason Leblanc','Hf4ABAhq4%','India','Andreland','Uptown',6,0,2.17,'518.617.3786x60500',NULL,'M','Jessica','Fuller','Williams\r'),('ericsullivan@example.com','Mary Kim','qr1SZcSJ*w','Burkina Faso','Smithborough','Uptown',16,0,2.9,'786.280.9054',NULL,'M','Stephanie','Scott','Glenn\r'),('erikasantos@example.com','Christian Crawford','@M84z$Zf&c','Mauritius','East Nathan','East Side',7,1,1.37,'893.787.5749',NULL,'M','Sheila','Allen','Robinson\r'),('evanstara@example.com','Cassandra Vargas','&P7BPptM__','Central African Republic','Sloanborough','Central',1,1,2.39,'(410)696-1857',NULL,'F','Vickie','Barker','Jones\r'),('fbaker@example.net','Kayla Dunn','*9HrytS)11','Bahamas','New April','Uptown',4,1,0.73,'637.994.8858',NULL,'M','Alice','Brown','Smith\r'),('fcook@example.org','Pamela Jordan','^SQ5WqdwZj','Marshall Islands','Masseytown','West End',2,1,2.63,'(385)991-0576',NULL,'F','Jennifer','Jenkins','Evans\r'),('feliciamiller@example.com','Michael Knight','#+jz0gKbf)','Liechtenstein','Vanessamouth','Uptown',2,0,3.25,'+1-983-670-5781',NULL,'M','Alicia','Foster','Bowman\r'),('feliciastewart@example.net','James Townsend','_0KCtaoLs)','Yemen','West Sherrystad','Downtown',1,1,0.08,'348.753.1230',NULL,'F','Amber','Hickman','White\r'),('fergusonandrea@example.org','Jeffrey Hall','!f*S(e+e)3','Kenya','North Charlesfurt','Downtown',10,1,0.45,'9849455989',NULL,'F','Anthony','Miller','Cooper\r'),('fitzgeraldjeffrey@example.org','Randy Jones','!8HWl!x%q4','Algeria','Holdenfurt','West End',1,1,1.57,'(695)545-0242',NULL,'F','Christopher','Jones','Stewart\r'),('fjones@example.org','Brian Smith','*K3TJujkEz','Saint Helena','Wagnerside','Downtown',2,0,2.45,'(524)615-4712',NULL,'M','Blake','Rhodes','Martinez\r'),('fosteremily@example.org','Courtney Diaz','V)2W3LlCZG','Albania','Lake Joshuatown','Uptown',14,1,1.89,'001-939-843-0066x043',NULL,'M','David','Evans','Guerrero\r'),('foxamanda@example.com','Shannon Huff','Y&z9)OGr@U','Dominican Republic','Cameronville','Downtown',14,1,1.33,'001-758-495-6213x21304',NULL,'M','Chelsey','Pena','Sanchez\r'),('franciscoprice@example.net','Timothy Webb','$cc*NQTzf7','Bosnia and Herzegovina','North Brittany','Downtown',5,1,0.91,'001-638-598-3793x1160',NULL,'M','Gilbert','Patrick','Ray\r'),('frank05@example.com','Shirley Hale','sXi3jfDe$8','Cyprus','Lake Vickiborough','Riverside',11,1,1.68,'(600)800-7601x052',NULL,'M','Christopher','Mendez','Rowland\r'),('frank99@example.net','Patrick Bradley','Egy^TbzU(8','Yemen','Lake Robert','Uptown',0,1,2.28,'(316)420-1888x69765',NULL,'F','Dawn','Nelson','Campos\r'),('frederick27@example.net','Dr. Jamie Young DDS','&2QX(%pyLR','Russian Federation','East Kevinburgh','Riverside',11,1,3.09,'(998)644-3102x5835',NULL,'F','Joshua','Padilla','King\r'),('freemanvincent@example.com','Daniel White','_h0r&HqgBJ','Saudi Arabia','Robertsonton','Uptown',4,1,3.76,'829-403-2716x899',NULL,'M','Jessica','Lam','Sheppard\r'),('froberts@example.net','Joseph Chung','E+W8X3JbX)','Lithuania','Elizabethton','East Side',12,0,3.59,'922.586.2817',NULL,'F','Jody','Nolan','Hanson\r'),('fwalker@example.org','Jason Gibson','+V1Uwi6mCq','Botswana','Wilkinsonport','Central',9,1,0.1,'276-625-7060x3715',NULL,'M','Lisa','Thomas','Neal\r'),('gallagherstephanie@example.com','Thomas Howe','PNOgE!Ye!6','Wallis and Futuna','South Alexismouth','Downtown',9,1,2.31,'(315)411-3902',NULL,'F','Hunter','Everett','Johnson\r'),('garciabrenda@example.net','Samantha Johnson','#sMrtLG#5X','Tanzania','South Ericland','Uptown',1,1,2.27,'+1-355-645-5838',NULL,'F','Robert','Scott','Murillo\r'),('garciarobin@example.org','Scott Clark PhD','uaAERh@k!3','Cook Islands','Brettville','Uptown',6,0,2.64,'(506)432-2366',NULL,'M','Morgan','Mason','Villanueva\r'),('gary77@example.org','Linda Olsen','!s7Lv3S1^0','Sierra Leone','Brianshire','Central',0,1,2.33,'001-553-667-2108x1460',NULL,'M','Tammy','Miller','Chavez\r'),('glassdavid@example.net','Denise Campbell','&OJ6pALjT+','Senegal','Port Melissatown','West End',3,0,1.73,'675.347.3755x57749',NULL,'M','Chad','Henderson','Drake\r'),('glen30@example.org','Raymond Jenkins','p(9AHBwKQU','Timor-Leste','Mckinneychester','West End',1,0,3.62,'+1-239-911-3061',NULL,'M','David','Hayes','Carr\r'),('gloria02@example.org','Aaron Austin','RPtLfV9$_2','Lithuania','Josephland','West End',7,1,3.89,'756-399-2013',NULL,'M','Jo','Pierce','Moore\r'),('gmartin@example.net','Kimberly Foster','m8*3Ikmm7(','Botswana','Port Sandraside','East Side',2,0,2.41,'917-647-1621x042',NULL,'F','Ashley','Miller','Osborn\r'),('grahamamanda@example.org','Stephen Brown','#1_W3H)q32','Bouvet Island (Bouvetoya)','New Robertfurt','Central',5,0,1.34,'5432010008',NULL,'F','Amanda','Mueller','James\r'),('gregory36@example.net','Tonya Nelson','B7Pp9b#G&C','Grenada','New Amandashire','Riverside',9,1,0.35,'354-420-3552x668',NULL,'F','Jonathon','Gonzalez','Wilkerson\r'),('gregory57@example.net','Philip Pratt','A4vK!Oi3+m','Vietnam','Erikberg','Uptown',12,1,4,'3529950598',NULL,'F','Christian','Guzman','Combs\r'),('grosscalvin@example.org','Stephanie Dodson','33$U8@Ns)A','New Zealand','North David','West End',5,0,0.38,'210.829.0909x689',NULL,'M','David','Davis','Rodriguez\r'),('gtaylor@example.com','James Boyd','7J^Khmj3_k','Egypt','Stacyhaven','Downtown',4,1,2.96,'001-898-434-3042x53151',NULL,'F','Katrina','Kirk','Mills\r'),('gwalker@example.com','Kristina Munoz','(XEubK0%@1','Haiti','Wolfeborough','West End',11,0,0.18,'345-453-0240x2625',NULL,'F','Paula','Hart','Taylor\r'),('hadams@example.net','Jack Collins','ubSQ5pWb_0','Greenland','Haileychester','Downtown',0,1,3.5,'+1-714-491-1923x725',NULL,'F','Steven','Kemp','Hayes\r'),('hallbeth@example.com','Emma Robinson',')fHIzZ+un4','Cambodia','Markshire','West End',16,0,3.27,'285.415.9279',NULL,'M','Carla','Meyer','Russo\r'),('hallmonica@example.org','Mr. Michael Franklin','^k(@9Y1fC*','Turks and Caicos Islands','North Christopher','Uptown',8,1,3.03,'+1-593-957-8036x135',NULL,'F','Valerie','Bennett','Mcneil\r'),('handrade@example.com','Joshua Woods','Ke8RjSSg$J','Rwanda','New Jennifer','West End',13,0,1.94,'001-265-889-4260x58213',NULL,'F','Robin','Henry','Kidd\r'),('hardyfrances@example.com','John Garrison','2!3RZYgize','French Guiana','North Peterberg','Downtown',6,0,3.83,'667-727-9865x5371',NULL,'F','Dean','Morales','Hall\r'),('harriscesar@example.com','Patricia Charles','O@63B1hnVg','Greece','Shelleychester','West End',9,0,3.84,'+1-838-366-8828x1261',NULL,'F','Terri','Clark','Freeman\r'),('harrisonvickie@example.com','Darryl Sullivan','&A5OVnN8#5','Mexico','Toddland','Central',0,0,2.18,'816-222-0861x1928',NULL,'F','Eric','Jones','Yang\r'),('hbridges@example.com','Gary Bolton','@dC0Iuj5w3','Serbia','Stephenberg','Uptown',4,1,1.14,'(884)537-0874',NULL,'F','Troy','Schultz','Miller\r'),('hbrown@example.com','Catherine Wyatt',')paL04WnO)','Zimbabwe','Melissaton','Downtown',15,0,3.78,'001-455-496-4755x6480',NULL,'M','John','Black','Marshall\r'),('hbuckley@example.net','Stephanie Reilly','(i&q2RwHZI','South Africa','West Mark','Central',3,1,3.11,'351-977-3380x88487',NULL,'M','Nicole','Garza','Wilson\r'),('hchen@example.com','Renee Berg','UI$98UbGlX','Mongolia','New Frederickstad','East Side',9,1,2.39,'+1-701-517-0289',NULL,'F','Ryan','Blankenship','Peterson\r'),('heather22@example.org','Christopher Mills','$H3eCb!ERL','Dominican Republic','North Ashleyhaven','Central',13,0,2.54,'(842)519-5240x29979',NULL,'F','Rachel','Wood','Sanders\r'),('heather24@example.com','Brad Olson','#9My*hZ(tL','Bulgaria','New Edwin','Central',1,0,0.62,'(711)641-4411',NULL,'F','Jennifer','Perkins','Ward\r'),('hector21@example.com','Rebecca Davis','Kk+3XOy1dO','Togo','Port Stephen','East Side',10,1,2.58,'414.744.7584x1357',NULL,'M','John','Zimmerman','Anderson\r'),('henry75@example.net','Wendy Mcguire','MIy6ZJ#q(e','Cook Islands','Fitzgeraldburgh','Central',15,0,3.99,'(455)965-4773',NULL,'F','Ryan','Stewart','Green\r'),('henryjennifer@example.org','Regina Wood','+3^zESZw8O','Burkina Faso','Mccormickview','Central',8,1,3.43,'705.727.3715x81230',NULL,'F','George','Miller','Carr\r'),('hensonmary@example.com','Amanda Jackson','3H#%4X2eQ%','Micronesia','South Alejandrafurt','West End',12,1,3.1,'+1-418-473-2352x061',NULL,'F','Natasha','Anderson','Tate\r'),('hgriffin@example.com','Jonathan Elliott','s!8kzIhFf(','South Georgia and the South Sandwich Islands','North Andrea','Uptown',2,1,1.43,'366-617-2123x498',NULL,'F','Alisha','Lee','Anderson\r'),('hickmankevin@example.com','Cameron Taylor','&3XgA4hf7g','Belgium','Lake Erikaton','Riverside',5,1,1.25,'257-221-8746x89263',NULL,'F','Kristen','Blair','Munoz\r'),('hjoseph@example.org','Stephen Kelly','zFb3GPQyc&','Belarus','New Theresa','East Side',2,1,0.04,'+1-914-858-5830x04954',NULL,'F','Cynthia','Hawkins','Clayton\r'),('hlopez@example.net','Ryan Soto','$w(7HeR#2A','Australia','Mcgeechester','Uptown',8,0,0.26,'2546663234',NULL,'F','Joshua','Robles','Thompson\r'),('hmay@example.org','James Noble','&g(ZzwSuB4','Myanmar','Vazquezfurt','Uptown',9,0,0.66,'001-214-431-6129',NULL,'M','Christopher','Moore','Campos\r'),('hmitchell@example.org','Matthew Jackson','hC_G$5Tyd6','Japan','Parkerburgh','Riverside',0,0,0.95,'001-551-233-4412x11664',NULL,'F','Angela','Robertson','Duncan\r'),('hperkins@example.net','Jacob Murphy','hq5%kOOeT*','Lithuania','Tylerchester','Downtown',0,0,1.26,'(695)883-9718x259',NULL,'F','Michelle','Stone','Bishop\r'),('hthompson@example.com','Robert Smith','(HbORnPD0a','Poland','Valdezstad','East Side',10,0,1.77,'(483)582-8931',NULL,'M','Xavier','Johnson','Spencer\r'),('hunterhill@example.org','Nicholas Osborne','gf0sD7TF4(','New Zealand','Ethanburgh','Riverside',6,0,1.14,'758-265-8892x1367',NULL,'M','Tina','King','Castaneda\r'),('ian09@example.net','Katelyn Pace','^z6pRCejV)','Bangladesh','South Kathryn','Downtown',9,0,2.17,'858-206-3185x0621',NULL,'F','Jesse','Stephens','Stone\r'),('ian63@example.org','Carrie Mitchell','+z20l8Ja^Q','Bulgaria','Port Edwardberg','East Side',4,0,3.64,'+1-621-637-7829',NULL,'M','Angelica','Phelps','Taylor\r'),('ihernandez@example.org','James Hamilton','!1HuDeJkZl','Macao','Patrickbury','West End',10,0,2.77,'001-497-973-0144x20035',NULL,'M','Charlene','Kennedy','Hood\r'),('ijensen@example.net','Sherry Duarte','n8&2R$Fp6^','Greenland','New Christopher','Central',13,1,1.26,'269.459.1024',NULL,'M','Heather','Duarte','Adams\r'),('ileon@example.org','Ashley Jackson','5)9cCA8t(b','Haiti','East Ryanstad','Uptown',16,1,0.2,'+1-519-304-8788x803',NULL,'F','Wendy','Dickerson','Farley\r'),('imcdaniel@example.net','Nicole Webb','r_Z83Tv@M_','Bangladesh','Wrightbury','Uptown',13,0,2.76,'644-216-0818x019',NULL,'F','Bobby','Alexander','Lee\r'),('imcdonald@example.net','Sabrina Reynolds','#5cFbQwZBg','Bahrain','East Kelly','Uptown',5,1,2.32,'847.221.7436',NULL,'M','Heidi','Fritz','Quinn\r'),('imoyer@example.com','Thomas Washington','A$G3&Yt6Nn','Suriname','Port Vickie','Uptown',11,0,1.04,'411.738.5629x2139',NULL,'F','Krystal','Carter','Morales\r'),('ipowell@example.org','Brenda Cooper','OL_7Koz!_#','China','Port Jillfort','East Side',10,1,0.4,'+1-389-916-5457x3043',NULL,'M','John','Richardson','Tate\r'),('irichardson@example.net','Jacqueline Gomez','3q8YP@5z*F','Saudi Arabia','North Vanessa','Uptown',8,1,0.86,'(678)813-9798x148',NULL,'M','Jane','Jennings','Roach\r'),('isabel19@example.org','Ashley Li','9B#5ucFlhQ','Mauritius','Kristinaville','Downtown',15,0,3.19,'(711)788-6454x3634',NULL,'F','Cynthia','Edwards','Miller\r'),('jacob40@example.net','Glenn Lambert','@7!uxhXybO','Afghanistan','South Jesusshire','Central',7,0,1.87,'+1-662-575-3886x7437',NULL,'M','Robert','Wright','Boyd\r'),('jacobskimberly@example.com','Melissa Riley','_5oz4H0jR5','Chile','Matthewton','Central',13,0,2.35,'(291)444-8459',NULL,'F','Jessica','Young','Franklin\r'),('jacquelinereed@example.com','Michael Anderson','OHYP78Hk*G','Kenya','Khanfurt','Riverside',1,1,3.68,'223.458.8880x4379',NULL,'M','Manuel','Henderson','Contreras\r'),('james06@example.net','Jason Sanchez','b*Bk65CpRT','Sweden','Huntview','Uptown',4,0,1.03,'869-954-0557',NULL,'F','Jack','Gonzalez','Brown\r'),('james39@example.net','Dwayne Kane','$9FDSB!yt2','Georgia','Andrewland','Uptown',3,0,2.37,'879.437.9446x0116',NULL,'M','Julia','Barry','Wilson\r'),('james61@example.net','Brian Valencia','VE*H%)Qd)7','New Zealand','Taylorside','Downtown',16,0,2.32,'001-855-313-9078x5243',NULL,'F','Janice','Lee','Jennings\r'),('james85@example.net','Marc Gregory','Yr2Lo+jT(n','Vietnam','West Kristinahaven','Uptown',11,1,2.56,'(943)489-3507',NULL,'M','Sandra','Graham','Nichols\r'),('jamesestes@example.org','Michael Nichols','(+Q&j8Kxf%','Netherlands Antilles','North Johnbury','Central',2,1,1.25,'545.321.4822',NULL,'M','Kurt','House','Sanchez\r'),('jamesmaldonado@example.net','Curtis Dunn','OxHpTV6v$0','Cameroon','South Michael','Riverside',4,1,0.28,'498-724-1735x2755',NULL,'M','Joanne','Hansen','Perkins\r'),('jamesnichols@example.com','Logan Parrish','*D*&4c%a6_','Tuvalu','West Janiceville','West End',6,0,3.15,'766-315-1452',NULL,'F','Philip','Perry','Burns\r'),('jamesstevens@example.net','Reginald Terry','BGs0FvuPy$','Indonesia','Johntown','West End',8,0,3.61,'(636)751-2058',NULL,'M','Charles','Bennett','Obrien\r'),('jamie30@example.net','Evan Moore','n&ct8bUalU','Norway','North Williamborough','Central',8,0,3.27,'(535)224-7723x263',NULL,'F','Amanda','Calderon','Peterson\r'),('janeellis@example.org','Gordon Obrien','q#%TE5Ay1Q','India','Murphyport','East Side',10,0,0.28,'289-785-7231x27947',NULL,'M','Regina','Shannon','Franco\r'),('janicemelendez@example.com','Sandra Randall','7PGI)m#d@3','Reunion','Boltonfurt','Central',5,0,2.63,'5118980343',NULL,'F','Cynthia','Vance','Navarro\r'),('jasminesmith@example.com','Kevin Nguyen','A2VkWCc!@z','Gibraltar','Frankville','Uptown',14,0,3.66,'001-493-668-5920x0870',NULL,'M','Gloria','Bates','Holt\r'),('jasonstuart@example.org','Vincent Jacobson','_6&Ez7cy@p','Guatemala','North Rebeccaport','East Side',0,0,2.01,'461.276.0955',NULL,'F','Charles','Allen','Edwards\r'),('jbrooks@example.com','Joshua West','@(5V^jIn&c','Yemen','New Robert','East Side',13,0,2.23,'813-491-6694x777',NULL,'M','Walter','Shannon','Cruz\r'),('jdaugherty@example.com','Jessica Sosa','#IdE7%m2b8','Cambodia','North Robertborough','East Side',11,1,2.86,'529.385.3758',NULL,'M','Michael','Moore','Gonzalez\r'),('jean76@example.org','Louis Hancock','xjn8NeRQ(_','Nigeria','South Christopher','Riverside',9,1,2.68,'605-509-6031',NULL,'M','Samantha','Richardson','Webb\r'),('jeffrey02@example.org','Tricia Baldwin','@yGl0zaQC7','Peru','New Willie','Central',16,0,2.93,'(405)997-6496x77430',NULL,'M','Timothy','Mitchell','Hanson\r'),('jeffrey05@example.org','Morgan Perry','(3DqVSoi^e','Guam','West Stevenside','Downtown',12,1,0.58,'236.713.3698',NULL,'M','Christopher','Duran','Anderson\r'),('jeffrey59@example.com','Seth Hammond','K#6v8OLqLL','Martinique','West Morganberg','West End',3,1,1.87,'657-897-1114x8558',NULL,'M','Ana','Hutchinson','Schmidt\r'),('jeffrey81@example.org','Alexander Park','6D5Jk1rEd+','Ukraine','Williamschester','West End',0,0,3.28,'(691)638-7153x497',NULL,'F','Tyler','Peterson','Simon\r'),('jennifer11@example.net','Melissa Melendez','*5JGvIaXZF','Fiji','Jeffreyfurt','Uptown',12,0,2.83,'(564)402-1901x70215',NULL,'M','Caitlyn','Brady','Lopez\r'),('jennifer81@example.com','Crystal Escobar','4pA8Ylyq+S','Christmas Island','North Mary','Uptown',13,0,3.58,'8382808820',NULL,'M','Christopher','Rogers','Jensen\r'),('jensenearl@example.com','Amanda Hernandez','Stym2T7lQ(','Niue','Juliestad','Central',3,0,3.37,'(213)312-5465',NULL,'M','Emily','Davies','Reid\r'),('jensenharry@example.com','Robert Stone','%6XE7x)Q(Z','Cayman Islands','West Eric','Central',11,0,3.8,'9818575608',NULL,'M','Nicole','Harrison','Glenn\r'),('jeremiah45@example.com','Adrian Aguilar','yu!CXt3X(7','Guam','Lake Lisabury','Downtown',8,0,3.23,'+1-532-628-6383',NULL,'M','Thomas','Castillo','Phillips\r'),('jeremyjones@example.net','Jennifer Riddle','51@Ook&B%X','Singapore','Andersonshire','West End',11,0,2.11,'001-243-644-1485x7579',NULL,'F','Sean','Johnson','Murphy\r'),('jesselove@example.org','Frank Brewer','Y)7%m2Nt(t','Morocco','Murrayville','Uptown',1,0,0.88,'533-537-1175x69960',NULL,'M','Chloe','Schwartz','Nelson\r'),('jessicahiggins@example.org','Marie Lucero','_5mMf^v*#3','Indonesia','West Juan','Riverside',1,0,1.42,'226-402-0879x5076',NULL,'F','Tony','Oconnor','Wallace\r'),('jessicawilson@example.org','Michael Montes','F4TMc2Hb$O','Maldives','Roberttown','Downtown',16,0,3.79,'812-946-5659',NULL,'M','Ryan','Gallagher','Kelly\r'),('jhodge@example.org','Corey Mayo','PVni!9Jd@B','Trinidad and Tobago','Port David','Central',5,1,3.05,'+1-921-366-3836x329',NULL,'M','Jennifer','Gonzalez','Phillips\r'),('jholden@example.net','Clinton Hodges','*p1kQaih+3','Sierra Leone','Josephview','East Side',5,1,1.97,'001-219-586-5092x36897',NULL,'F','John','Wilson','Rivera\r'),('jillquinn@example.com','Cynthia Norris','$pqZ_G^nE5','Burundi','Andersontown','West End',7,1,1.39,'(857)720-1340x32319',NULL,'F','Danielle','Thomas','Boyer\r'),('jmartinez@example.net','Linda Nguyen','#6%A0x%dq3','Bulgaria','South John','West End',14,1,1.77,'001-219-361-1775x4427',NULL,'F','David','Leonard','Bray\r'),('joanneayala@example.org','Arthur Tanner','(MH(zFPzH1','Lithuania','Taylorfurt','East Side',11,0,2.41,'+1-807-218-8710x5072',NULL,'M','Gary','Murray','Barajas\r'),('john22@example.com','Valerie Castillo','muGCE!BK(3','Bouvet Island (Bouvetoya)','Port Meganburgh','Riverside',15,0,3.1,'(289)448-1714',NULL,'M','Stephanie','Williams','Stewart\r'),('john68@example.com','Jennifer Bullock','(9TZzCCW)S','Lithuania','North Caitlin','Riverside',7,1,3.99,'277.738.5706x189',NULL,'M','Gloria','Cruz','Whitehead\r'),('john99@example.com','Jeremy Potts','2k3DWj^r&1','Guinea','West Jerome','Uptown',8,1,2.74,'001-581-816-6953',NULL,'F','Bradley','Simon','Novak\r'),('johnmason@example.org','Terry Mendoza','V)4$5LzEK%','Honduras','North Kathyburgh','Downtown',9,1,0.38,'001-743-844-5689x02264',NULL,'F','Jill','Hill','Smith\r'),('johnny09@example.org','Nicole Huerta','X8K4Ndtq8!','Nigeria','Ericview','Uptown',14,1,0.02,'781.790.1008x492',NULL,'F','Holly','Howard','Clark\r'),('johnsondonald@example.org','Kimberly Hughes','(0mz6Bi^z1','Zimbabwe','West Lori','Riverside',0,1,0.02,'001-825-845-8106x930',NULL,'M','Cassandra','Hart','Hutchinson\r'),('johnsonrobin@example.org','Andrew Joseph','F_8SsYJuhD','Christmas Island','North Mathewhaven','Central',10,1,0.79,'217.696.2067x11708',NULL,'M','Darryl','Baker','Parrish\r'),('johnsonshawn@example.org','Jason Wells','*&Nzw9XaLE','Peru','Jaredhaven','Riverside',4,0,0.51,'786-658-1619',NULL,'M','Danielle','Stevens','Copeland\r'),('johnyoder@example.com','Miguel Erickson','$%5LiidyR5','Kuwait','Port Angela','Downtown',14,0,3.44,'(807)809-8387x489',NULL,'M','Carol','Harris','Daniel\r'),('jonathanholmes@example.org','Steve Summers','9holSlAm)v','Paraguay','East Sandra','East Side',6,1,0.09,'563.957.2264',NULL,'F','Megan','Parsons','Hunter\r'),('jordan54@example.net','Dr. Benjamin Graham MD','1Y3d4DVdQ#','Cuba','Kristiton','Downtown',7,1,3.56,'(420)372-6271',NULL,'M','Donna','Hernandez','Kelly\r'),('jorgeestrada@example.org','Joyce Allen','Cb0I5gEei@','Sweden','New Bryan','Uptown',2,1,0.56,'937.384.9566x937',NULL,'F','Kevin','Costa','Spencer\r'),('joseph27@example.com','Jennifer Butler','ze3L&lgdD^','Japan','West Shelly','Uptown',4,1,2.41,'297-295-5353x57368',NULL,'F','Kimberly','Simmons','Donovan\r'),('joseph72@example.com','Antonio Floyd','*9MY0wg*o8','Martinique','Benjaminfurt','East Side',1,1,1.82,'526-740-2587x590',NULL,'F','Phillip','Stewart','Martin\r'),('josephbaker@example.org','Kristy Myers','iMY@PueC$4','Haiti','Hudsonburgh','Riverside',7,0,0.52,'+1-278-667-1003x5066',NULL,'M','John','Huynh','English\r'),('josephmurphy@example.net','Patricia Obrien','_I!8LtqgN+','Dominica','Muellerbury','Riverside',3,1,2.96,'209-907-0704',NULL,'M','Kristy','Wilson','Gutierrez\r'),('josephperez@example.org','Scott Hunt','!6CKtQo^r8','Philippines','North Davidtown','Riverside',14,1,0.12,'+1-533-535-9386',NULL,'M','Sandra','Baker','Davis\r'),('josephpineda@example.net','Lisa Weeks DDS','^pF0FVrN6$','Mexico','West Deborahtown','Uptown',7,0,3.56,'(310)559-3417x1667',NULL,'M','Monica','Herrera','Koch\r'),('joshua31@example.net','Patricia Miller','&^Oe6YjDLc','United States Virgin Islands','Rodriguezview','Riverside',4,1,0.22,'001-499-460-7616',NULL,'M','Andrew','Foster','Cooper\r'),('joshuabaker@example.com','Jacob Ramirez','Gq4Uh%9bd#','Niger','Prattton','Downtown',13,0,0.88,'001-206-246-4359x813',NULL,'M','Daniel','Rogers','Alexander\r'),('jpaul@example.org','Denise Clay','%B!X+sdCx0','Nepal','Bergton','West End',12,1,3.62,'3532031751',NULL,'F','Amanda','Harvey','Lucas\r'),('julialindsey@example.com','Brenda Castillo','6uO20oHr^k','Niger','Nortonchester','Riverside',6,0,0.2,'001-271-345-4949',NULL,'F','Mark','Sanchez','Green\r'),('julie22@example.net','Kathryn Campbell','$0YKb1a@)&','Slovakia (Slovak Republic)','Butlermouth','East Side',14,1,2.66,'(303)483-7509',NULL,'M','Geoffrey','Pittman','Lewis\r'),('julie41@example.net','Christine Lee','%H4C)onfsn','Bahamas','Phillipston','Riverside',4,0,3.23,'(925)949-1081x23237',NULL,'F','Jade','Sharp','Stanton\r'),('juliechavez@example.net','Stefanie Mcconnell','K6gYoHov@O','Kiribati','South Scott','Uptown',13,0,1.76,'8718898856',NULL,'M','Andrew','Holmes','Huff\r'),('juliesherman@example.net','Ronald Sutton','+10X$eMRf(','Kyrgyz Republic','East Baileyberg','East Side',2,0,0.09,'001-519-283-5356',NULL,'M','Christina','Williams','Ryan\r'),('justingreen@example.com','Barbara Thompson','n98zMyod@w','Monaco','Duartemouth','Riverside',0,1,3.58,'671.612.1561x3533',NULL,'F','Barry','Chapman','Gilmore\r'),('karenfranklin@example.net','Christine Diaz','#*9oe(Cq@g','Mauritania','Port Jason','East Side',10,0,1.89,'+1-540-297-5942x36263',NULL,'M','Holly','Mann','Gregory\r'),('karina56@example.com','Cesar Rivera','%9*b5XoK@k','Cape Verde','Johnsonchester','Central',3,0,3.77,'469-631-4988x70251',NULL,'M','Emma','Peterson','Shelton\r'),('katherineritter@example.com','Kristen Lawson','H5Dt)yht_4','American Samoa','North Amyville','Uptown',7,0,1.98,'(999)888-4671x0724',NULL,'F','Lynn','Schaefer','Dixon\r'),('kathleen08@example.net','Tara Jensen','@0_2S_hztK','Nauru','Mcintoshfurt','Central',5,1,3.57,'905.600.0517',NULL,'M','Carol','Allen','Johnson\r'),('kathryn66@example.com','Cynthia Sweeney','(Bbo*zco1X','Japan','North Michelle','Uptown',3,1,0.39,'978-734-6113x687',NULL,'F','Lauren','Fields','Garcia\r'),('kathrynharris@example.com','Rachel White','%)7j!Ms5ep','Brunei Darussalam','Kellytown','Uptown',6,0,2.14,'788.752.7716',NULL,'F','Phillip','Weber','Davis\r'),('katrina76@example.org','Samantha Gilmore','uq4bGHHag$','Pakistan','Jonesland','Uptown',3,1,1.54,'(590)717-0687',NULL,'F','Charles','Perez','Reynolds\r'),('katrina80@example.net','Elizabeth Montoya','+bb4PyadSJ','Paraguay','South Michael','Central',8,0,1.22,'001-905-975-1682x07201',NULL,'M','Hannah','Sellers','Santiago\r'),('kayla86@example.org','Cody Shaw','XP82PaSa!2','Congo','Meganchester','East Side',2,1,1,'+1-842-534-8124x752',NULL,'M','John','Gaines','Green\r'),('kaylaclark@example.org','Susan Benson','1rXbZilc@4','Canada','South Tarafurt','West End',16,1,3.84,'+1-532-431-3439x951',NULL,'F','Latasha','Robinson','Sanchez\r'),('keithreid@example.org','Mark Morton','_t7YFgXk77','Taiwan','Tiffanyview','East Side',10,0,0.28,'652-463-6788',NULL,'F','Jonathan','Sanchez','Jones\r'),('kelleylogan@example.org','Lisa Martinez','(73KFgbUZS','Macao','Dawnstad','East Side',16,1,0.37,'321.579.9877',NULL,'M','Elizabeth','Robinson','Mitchell\r'),('kelleyvictoria@example.org','Daniel Miller','G9omtXkp(Q','Fiji','Stevensshire','Riverside',0,1,3.23,'472-975-7904x411',NULL,'M','Michelle','Brown','Keller\r'),('kellyanthony@example.net','Sandra Hernandez',')*1d4OqjDM','Nigeria','Port John','Uptown',1,1,1.55,'523-622-5677',NULL,'M','Jessica','King','Oconnor\r'),('kellyhayley@example.net','Thomas Flores','*2FpgEubO8','Bosnia and Herzegovina','South Lauren','East Side',3,1,3.74,'(242)566-2325x71703',NULL,'F','Felicia','Snow','Castillo\r'),('kennedydeborah@example.org','Kristin Perkins','Hy6PvlEpo&','Sudan','Maciaston','Uptown',3,0,2.28,'4313120143',NULL,'F','Elizabeth','Atkins','Pena\r'),('kenneth04@example.org','John Brock','FU0%3FiGp)','Iraq','Carolmouth','Riverside',3,1,0.61,'718-479-4997x071',NULL,'F','Sean','Chavez','Johnson\r'),('kennethriggs@example.com','Martin Dickerson','%8VmWm3aSJ','Netherlands Antilles','Mclaughlinberg','West End',1,0,0.21,'001-567-281-0050x887',NULL,'F','Lynn','Anderson','Whitehead\r'),('kennethwalker@example.net','Wendy Li','^lb2Ha9os^','Sudan','Jonathantown','Riverside',10,1,1.81,'+1-812-552-8232x603',NULL,'M','Christine','Haas','White\r'),('kevin40@example.net','Crystal Chen','+I91Ajt%JG','Luxembourg','South Aliciamouth','Riverside',4,1,2.2,'456-797-7817x230',NULL,'M','Gary','Henderson','Harris\r'),('kevin48@example.org','Omar Carey','IGz(2Fs$t2','Angola','New Jay','Downtown',2,0,1.36,'785.579.8047',NULL,'F','Mario','Guerrero','Ochoa\r'),('kevinromero@example.org','Bill Hanson','E)x3toQeo6','France','East Brandonberg','Downtown',8,1,0.4,'596-444-8863x4006',NULL,'M','Kimberly','Woods','Walker\r'),('kimberlyjohns@example.org','William Walker','3u@56Zjmjk','United Kingdom','South Jeffreyshire','Downtown',1,0,3.38,'344-527-1919',NULL,'M','John','Martinez','Fitzpatrick\r'),('kimberlymartinez@example.net','Robert Lynch','u7NjF^bD^i','Sri Lanka','East Charlesmouth','Uptown',4,1,2.39,'001-756-214-6144x799',NULL,'M','Mathew','Burton','Owen\r'),('kingcathy@example.com','Eric Mack','e_n2REtV*q','Trinidad and Tobago','Josephton','East Side',12,0,0.31,'+1-329-848-3837x2911',NULL,'M','John','Chambers','West\r'),('kirknatalie@example.org','Bradley Reed','+*0JTD)i+I','Uganda','East Deborah','East Side',2,0,2.64,'(868)252-6790x270',NULL,'M','Tina','Jenkins','Reed\r'),('kmedina@example.com','Michelle Reyes','%!rQSJh*#3','Oman','North Brianhaven','Downtown',16,0,3.61,'7058763833',NULL,'M','Brian','Griffin','Norris\r'),('knightdiana@example.net','Haley Walker','!7PZ6q*jkl','British Virgin Islands','Hendricksstad','Central',7,1,0.84,'+1-480-250-0673',NULL,'M','Justin','Potts','Daniel\r'),('kristen08@example.com','Kari Lane','Q^4X5hy&XC','Kuwait','Lake William','Riverside',3,1,1.67,'+1-842-288-0005x298',NULL,'M','Chelsea','Rose','Solomon\r'),('kristinemitchell@example.com','Francisco Wright','J1rLmDsJ&B','Guinea','Lake Haley','Riverside',5,0,3.33,'3715241738',NULL,'F','Chase','Hill','Williamson\r'),('kristinhorne@example.org','Kara Marshall','_7&^SxfWqf','Guernsey','Port Jennifershire','Riverside',10,0,0.55,'(652)262-7178',NULL,'F','Adam','Richardson','Gonzalez\r'),('kristopherjackson@example.org','Sean Roberts','%2dWeBGa@q','New Caledonia','Maxwellbury','Riverside',4,0,0.28,'582-350-9806',NULL,'M','Jennifer','Morales','Rosario\r'),('ladams@example.org','John Lester','&fVyCR7oZ5','United Kingdom','Kennethfurt','Riverside',16,0,2.64,'656-684-9461x5072',NULL,'F','Shawn','Sanford','Clayton\r'),('lance83@example.com','Jaime Henderson','oGZxVEJv^3','Spain','North Janeview','West End',3,1,2.6,'001-831-765-6659',NULL,'F','Pam','Wilcox','Bowen\r'),('larryedwards@example.org','Gregory Cobb','pI3pL2QeY+','Afghanistan','Sandraside','Central',6,0,0.58,'001-789-983-6704',NULL,'M','Brittany','Simmons','Patterson\r'),('laura18@example.net','Melinda Torres','Wv7M*OIe*+','Norfolk Island','Burkeside','East Side',5,1,0.15,'220.532.4821x81031',NULL,'F','Tony','Hurst','Riley\r'),('laura36@example.com','Lawrence Jones','HV2B4bvcb(','Heard Island and McDonald Islands','Jonesmouth','East Side',14,0,0.19,'423.493.9646',NULL,'M','Allen','Lambert','Mason\r'),('laurabond@example.com','Jessica Harris','$7HbygAnEQ','Guinea','South Jacob','East Side',11,0,1.89,'+1-454-367-7366x3394',NULL,'M','Nathan','Lee','Silva\r'),('lauramarquez@example.net','Jesse Heath','DTY9FcSiv&','United Arab Emirates','Danieltown','Downtown',3,1,0.67,'649.921.1918',NULL,'F','Arthur','Christian','Jones\r'),('laurenjones@example.org','Nicole Thompson','z%5MKvKi!3','Hungary','West Loriland','Uptown',16,1,2.91,'220-752-9608x4776',NULL,'M','Michael','Fox','Robinson\r'),('laurensantana@example.com','Tina Morgan','08T7MvNx+c','Tajikistan','Yatesmouth','East Side',3,0,1.78,'001-573-613-1758x43002',NULL,'M','Deborah','Vasquez','Ward\r'),('lawrence73@example.net','Jacob Sanchez','k8_lOJgz&w','Lesotho','West David','Downtown',10,1,2.71,'001-892-390-5274x866',NULL,'F','Danielle','Williams','Gillespie\r'),('lblack@example.net','Susan White','1Nz5SnUn_U','Iceland','Loribury','West End',9,0,1.87,'599.586.6954',NULL,'F','Suzanne','Olson','Walker\r'),('ldavis@example.com','Robert Boyd','5$VjkJ%B@u','Mauritius','Schroederstad','Downtown',4,1,0.6,'+1-634-909-2957x35845',NULL,'F','Anthony','Page','Bautista\r'),('ledwards@example.com','Christina Hood','p0PDqIXk*e','Greece','Oliverton','East Side',3,0,0.57,'001-764-413-2192x8029',NULL,'M','Lindsey','Shannon','Chambers\r'),('leslie55@example.com','Melissa Thomas','k0uIU@Ft(X','American Samoa','Martinezchester','Central',1,1,3.2,'001-835-651-8792x3618',NULL,'M','Jamie','Bailey','Perez\r'),('lewisdavid@example.net','Terry Weber','0*3%3U_gS(','Malawi','Nicolefurt','East Side',7,0,3.89,'433-865-7283x103',NULL,'M','Richard','Little','Cline\r'),('lfoley@example.org','Stephen Boyle','y9oXzYVg&0','Martinique','Sabrinabury','East Side',16,0,0.39,'001-492-568-3150',NULL,'M','Douglas','Manning','Johnson\r'),('lhaas@example.net','Leslie Hughes','vaJ9Ce%g^)','Cuba','Port Alberthaven','Downtown',2,1,2.44,'724.420.7940x99277',NULL,'F','Donna','Newton','Harrell\r'),('lholmes@example.com','Jay Hill',')+0QQrNekg','Guam','Moodyhaven','East Side',4,1,2.22,'(321)542-9547',NULL,'F','Monica','Martinez','Contreras\r'),('lindsayrice@example.org','Aaron Smith','oZsYNL)8%6','Senegal','Port Victoria','West End',8,0,0.09,'(590)670-4571',NULL,'M','Sierra','Taylor','Foster\r'),('lindseysantiago@example.net','Alicia Estrada','^EG4YoeXXT','Bouvet Island (Bouvetoya)','Jamiefort','East Side',9,0,0.55,'+1-458-775-9397',NULL,'F','Steven','Rice','Brown\r'),('ljohnson@example.net','Christopher Conway','&2OYt4C1&(','Malaysia','North Leestad','West End',2,0,1.95,'437.739.6469x32265',NULL,'F','Miranda','Washington','Wood\r'),('llogan@example.com','Timothy Castillo','%DMW(0Zi@M','Singapore','South Kathleen','East Side',7,1,0.81,'648-953-0377x7307',NULL,'M','Melissa','Ellis','Gallagher\r'),('lmorrow@example.org','Michael Smith','(LRs1LGkf!','Ireland','South Melissa','Uptown',12,1,3.59,'(358)685-9625',NULL,'F','Joshua','Hill','Sims\r'),('lopezjose@example.com','Shawn Mcconnell','F2qW7FKh)#','Norway','Taylorfort','Central',3,0,3.61,'(563)395-8605',NULL,'M','Jesus','Rodriguez','Ramirez\r'),('lpowell@example.org','Jose Fisher','saE7G%z5(m','Sri Lanka','Johnsonstad','Uptown',13,0,2.22,'+1-802-515-3522',NULL,'F','Chris','Rogers','Rhodes\r'),('lscott@example.org','Kari Rowe','+JgwP5ekm&','Guinea-Bissau','Port Nataliemouth','Downtown',8,0,3.2,'951.581.3134x53235',NULL,'M','James','Little','Sutton\r'),('luisjordan@example.org','Katherine Bradshaw','q3*cssB+^v','Svalbard & Jan Mayen Islands','Port Alexstad','Downtown',16,1,3.6,'(608)776-5183',NULL,'M','Martin','Carrillo','Perez\r'),('lvincent@example.com','James Pineda','!m6VLfJkV%','Japan','Kellifurt','Central',15,0,0.46,'+1-718-238-1472x398',NULL,'M','Noah','Alvarez','Smith\r'),('margaret07@example.org','Carly Howard','1(qVQoau*Y','Armenia','Thomasstad','Uptown',10,0,1.42,'+1-596-838-3658x71619',NULL,'F','Kaylee','George','Scott\r'),('maria97@example.com','Mike Williams','CP13HVVyT(','British Virgin Islands','North Trevorburgh','Downtown',13,1,3.26,'+1-970-525-1479x18121',NULL,'M','Tiffany','Miller','Padilla\r'),('mark51@example.org','Heather Johnston','*(^T7Iu(@&','Suriname','Lake Amber','East Side',1,1,3.61,'9365934737',NULL,'M','Teresa','Hoover','Bass\r'),('mark62@example.net','Edwin Harrington','I8ACcpzf()','Vietnam','South Adam','Downtown',2,1,1.51,'(916)985-0471x709',NULL,'F','Daniel','Davis','Williamson\r'),('mark68@example.com','Jennifer Townsend','lTIQi*Ok+2','Norfolk Island','Brianaberg','East Side',1,1,0.75,'001-266-940-4139x7305',NULL,'F','Jamie','Lane','Brown\r'),('markgregory@example.org','Jody Chapman','K_So@XfR)6','Brunei Darussalam','Villabury','Downtown',9,1,2.16,'361-934-9197x6950',NULL,'M','James','Bell','Nelson\r'),('marklindsey@example.net','Tina Ford','l!S^7Zu*nx','Nepal','Lake Julieland','Riverside',10,0,0.38,'+1-300-699-6718x327',NULL,'M','Megan','Gonzalez','Hodge\r'),('martincarl@example.net','Stephen Hernandez','1m%KUpxI$6','Pakistan','New Christophermouth','East Side',12,1,2.37,'(719)942-8538x16210',NULL,'F','Hunter','Campbell','Gonzalez\r'),('martinezsteven@example.net','Kevin Hudson','_#+0LkDzJU','Norway','Jamesbury','West End',10,1,1.37,'(533)786-0205x1555',NULL,'M','Jason','Obrien','Carr\r'),('marvin85@example.net','Wesley Daniels','SqDJq&j*)8','Papua New Guinea','Kevinshire','Central',12,0,3.22,'001-307-888-5695x501',NULL,'M','Frank','Mccann','Johnson\r'),('mary90@example.org','Douglas Thomas','*bbkDYNqn7','Lithuania','Hendricksside','Central',8,0,1.59,'(809)837-9224x9990',NULL,'F','Karen','Weaver','Martinez\r'),('maryramsey@example.org','Troy Kirk','#S7b7EBn$#','Singapore','Debraberg','West End',3,1,3.84,'587-400-0162',NULL,'F','Karen','Cain','Hoffman\r'),('matthew65@example.org','Angela Shaw','4zTS_jNj@Y','Brazil','West Kaitlynhaven','Downtown',11,0,3.06,'001-765-835-7429x138',NULL,'F','Austin','Martinez','Castaneda\r'),('max71@example.com','Gregory Rice','@6TPy*Ai$I','Sri Lanka','Aliciachester','Uptown',15,1,0.14,'880.225.7802x38281',NULL,'M','David','Bell','Taylor\r'),('maxwellbrown@example.net','Clinton Nguyen','1#d1@Gto_S','Senegal','Lake Sonyaville','East Side',4,0,3.69,'889.590.4604x7807',NULL,'M','Tracey','Meadows','Smith\r'),('maxwelljeremy@example.org','Catherine Black','NlL0zKSp(^','Bahrain','North Theresashire','Downtown',2,1,2.63,'+1-998-223-1996',NULL,'F','Sharon','Newton','Daniels\r'),('mayskendra@example.com','Stephen Gonzalez','+T+$CP!sB5','Sri Lanka','East Ianshire','Central',12,1,1.56,'(529)954-6783',NULL,'F','Anthony','Perry','Lloyd\r'),('mcclurenicole@example.com','Kimberly Parsons','7SOSm2BE@6','Mauritania','Reginafort','Downtown',12,0,1.31,'8272580951',NULL,'F','Katherine','Petty','Williams\r'),('mcconnelltammy@example.org','Melissa Robbins','#1Sg1AiiZX','Nicaragua','Bennettmouth','Downtown',13,1,3.53,'(554)295-3094x02823',NULL,'M','James','Williams','Clarke\r'),('mcdonaldrachel@example.com','Cody Perry','q7N(Fj2a!Q','Micronesia','South Julie','Central',1,0,1.85,'971-408-3592x443',NULL,'M','Megan','Perez','Myers\r'),('meganfisher@example.net','Donald King','@0PQfrWfkP','Malta','New Stevenchester','East Side',8,0,3.8,'966.471.3706',NULL,'M','John','Russo','Pruitt\r'),('melinda06@example.org','Robin Russo','R&2CV@Mz$X','United States Virgin Islands','Elizabethstad','Downtown',16,0,0.49,'809.412.2877',NULL,'F','Michael','Carlson','Keller\r'),('melissa31@example.org','Rebecca Harris','23$XIwEg^%','China','Vasqueztown','West End',12,0,1.2,'+1-926-935-8184x0081',NULL,'F','Anthony','Holden','Nelson\r'),('mercadojasmine@example.com','Maria Howell','^vs^4UxtQM','United States of America','Lake Justin','Central',13,1,1.53,'847.345.2381x57809',NULL,'M','Danielle','Gutierrez','Proctor\r'),('mfranklin@example.net','Monica Gross','m7Sp(gae@N','Guyana','North Terryburgh','East Side',5,1,3.21,'625-656-7805x802',NULL,'M','Christopher','Williams','Adams\r'),('mgomez@example.net','Andrea Elliott',')5nS0L$dqy','San Marino','Port Jaimeton','East Side',1,0,3.8,'789-463-4054x928',NULL,'M','Natasha','Cox','Baldwin\r'),('mhodge@example.org','Cynthia Riley','*QpxZEswn3','Zimbabwe','Cooperborough','Central',11,0,1.8,'7378477303',NULL,'M','Tommy','Smith','Foster\r'),('mhunt@example.net','Carlos Chavez','(D8lTok^(9','Brazil','Lake Justin','Downtown',1,0,3.37,'(681)502-9250',NULL,'M','Derrick','Wheeler','Cunningham\r'),('michael33@example.org','Andrea Duran','2F@2KDzZy(','Tuvalu','East Stephanieshire','East Side',6,1,1.28,'001-289-294-7433x10710',NULL,'F','Nicholas','Conrad','Martin\r'),('michael54@example.org','Willie Matthews','Ac!c5YXtLm','Germany','Ortizbury','West End',5,0,0.97,'(410)883-3584x573',NULL,'F','Tabitha','Moore','Greene\r'),('michael71@example.com','Jacob Gentry','i8!BC*Aa!2','Jamaica','East Faithchester','Downtown',10,0,0.87,'789.980.5547x702',NULL,'M','Tiffany','Smith','Crawford\r'),('michaelchang@example.net','Emily Kim','@6Ym42Qjq%','Germany','Kentview','East Side',16,0,2.45,'641.742.4587x9436',NULL,'M','Ashley','Morrison','Williams\r'),('michaelhahn@example.com','Kimberly Smith','zAq7IzMP$s','Swaziland','South Matthew','Downtown',0,0,0.21,'+1-311-635-6991',NULL,'M','Antonio','Allen','Wright\r'),('michaelmartinez@example.net','Judith Hoffman','_5Q&3%Jydn','Seychelles','Weaverland','West End',1,1,0.09,'8618847957',NULL,'F','Martha','Logan','Yoder\r'),('michaelmorrison@example.net','Wendy Duncan','mTTg63Ou^J','Saint Pierre and Miquelon','East Christopher','West End',3,1,1.43,'+1-478-292-1869',NULL,'M','April','Vargas','Turner\r'),('michaelrodriguez@example.net','Jesus Morgan','pGW(7gwW$7','Austria','North Cindy','East Side',4,1,0.17,'001-454-584-3977x904',NULL,'F','Michael','Madden','Duffy\r'),('michaelsmith@example.org','Ana Meyer','t^4RaMNq_q','Micronesia','South Allenstad','Central',3,0,2.47,'001-888-882-7719x485',NULL,'M','Steven','Byrd','Bishop\r'),('michelle10@example.com','Eric Garcia','(T0Wj5mD_w','Russian Federation','Lake Johnnyton','Downtown',8,1,3.67,'294.563.4038x7759',NULL,'F','Cynthia','Keller','Powell\r'),('michelle26@example.org','Marco Hudson','qwZ9xNYc@M','Andorra','Lake Amyside','Riverside',7,0,1.77,'308.296.2182',NULL,'M','Angela','Frazier','Vasquez\r'),('michelle33@example.org','David Chapman','$cAybi)zV7','British Virgin Islands','Lake Nathan','West End',8,1,3.52,'(975)320-1893x383',NULL,'M','Gary','Goodman','Salinas\r'),('michelle48@example.net','Angel Anderson','h&0T*%TLQe','Ireland','Stacyhaven','Central',9,1,3.05,'001-231-915-2000x582',NULL,'F','Kathy','Newman','Lawrence\r'),('michelle53@example.net','Kristin Dixon','&Z4LGfYzid','Malta','North Heather','West End',16,1,1.17,'344.478.5792x08812',NULL,'M','Stephanie','Jackson','Ferguson\r'),('michellepacheco@example.org','Daisy Henry','Z0AFKyHv%T','Kiribati','Lake Jennifer','West End',10,0,3.24,'435-439-3348',NULL,'M','Louis','Davidson','Oneal\r'),('millermichael@example.com','Krystal Barnes','UmmxQ_R6&2','Barbados','Ortegaberg','Central',1,1,0.49,'(919)505-0046',NULL,'F','Maria','Barnes','Rivera\r'),('millerrebecca@example.net','Michael Larson','PY89lWl8w&','Nicaragua','East Danny','Uptown',14,1,1.89,'396-956-9244x388',NULL,'F','Nicholas','Mendoza','Hogan\r'),('mindy63@example.net','William Hess','6jaZvJEz!6','Tokelau','Edwardsside','Central',12,1,1.64,'001-875-888-7296x8574',NULL,'F','Dean','Williams','Hoffman\r'),('miranda48@example.org','Richard Bates','Yi+sGA^!*7','Estonia','Coreyton','West End',8,0,0.53,'339-738-0353',NULL,'M','Larry','Hicks','Lyons\r'),('mitchelljeffrey@example.com','Robert Johnson','t^0EKQstjy','Belgium','South Desiree','Central',13,0,2.71,'+1-591-410-5521x34369',NULL,'F','Elijah','Johnson','Freeman\r'),('mitchelllewis@example.org','James Gonzalez','PJs25D)h#O','Honduras','Johnsonfort','Central',0,1,0.08,'+1-261-336-6832x48095',NULL,'M','John','Mata','Phillips\r'),('mjohnson@example.net','Louis Walsh DDS','M+&#Hdg0eB','Bulgaria','North Jacob','West End',16,1,0.66,'338-978-9027',NULL,'M','Margaret','Palmer','Decker\r'),('molly22@example.com','Derek George','K+0OrfUpF@','Guyana','Michaelstad','East Side',10,0,1.82,'723.319.8229',NULL,'F','Matthew','Salas','Palmer\r'),('mollywebb@example.net','Stephanie Clements','!8&LvNEMd^','Swaziland','South Christophermouth','West End',7,0,3.54,'+1-231-535-4233',NULL,'F','Steven','Johnson','Walton\r'),('monicabaker@example.net','Karen Jones','T+5Tq(GY!)','Saint Vincent and the Grenadines','New Crystal','Riverside',4,1,1.25,'+1-525-728-7887',NULL,'M','Richard','Smith','Jones\r'),('monicaschmitt@example.com','Joshua Johnston','%5VvAFHl+l','Bulgaria','Underwoodmouth','Downtown',13,0,2.92,'304.510.6509',NULL,'M','Nathan','Randall','Rojas\r'),('montoyaelizabeth@example.org','Jason Parsons','@mL*bJn!6C','Hungary','South Jeffrey','East Side',11,0,3.61,'001-305-456-2708x60837',NULL,'M','Carla','Miller','Wilson\r'),('moorecandice@example.net','Jill Yates','(K87ONbf^M','Zimbabwe','East Robert','Downtown',13,0,0.54,'001-465-246-2051',NULL,'F','Christy','King','Robbins\r'),('moorenicole@example.org','David Sanchez','KZ2FI@Rbi*','Guinea','Lake Lauren','Central',3,1,2.68,'001-522-493-6870',NULL,'M','Mark','Villarreal','Douglas\r'),('morankyle@example.org','David Serrano','Go7&A$&v7&','Greece','Josephfurt','Riverside',8,0,3.16,'001-255-719-9208x1842',NULL,'M','Ashley','Smith','Hill\r'),('morganalvin@example.org','Eric Sweeney','#2B_lWytR1','Iceland','East Cheryl','West End',1,0,2.39,'706-886-9457x4229',NULL,'M','Charles','Flowers','Simmons\r'),('morgansamantha@example.com','Angelica Cabrera','^2CkR%@3Vj','Bulgaria','Debramouth','Riverside',14,1,2.93,'+1-229-953-1866x414',NULL,'M','Mackenzie','Davis','Holloway\r'),('morristravis@example.net','Cheryl Gould','ut@2qJbQeN','Burkina Faso','Snyderburgh','Riverside',10,1,2.91,'941-862-5043x391',NULL,'F','Amy','Hall','Vazquez\r'),('nataliemorgan@example.com','Theresa Miller','z_I5JqW_qY','Azerbaijan','Lake Shawn','Central',16,0,2.02,'001-614-627-7120x27293',NULL,'M','Jennifer','Rhodes','Brooks\r'),('natasha40@example.net','Alexis Murphy','kQ@ok72L(5','Bhutan','Lake Williamberg','Riverside',14,1,0.05,'+1-520-201-9850x4153',NULL,'M','Theresa','Lewis','Freeman\r'),('nathan13@example.com','Michelle Rivera','sY2tvyms*(','Switzerland','Morrisfurt','Downtown',12,1,1.12,'2415285601',NULL,'F','Eric','Murphy','Greer\r'),('nbonilla@example.com','Nicholas Garcia','2n4uTI+t*i','Sierra Leone','Rebeccaside','East Side',0,1,1.31,'001-582-748-2219',NULL,'F','Whitney','Galvan','Williams\r'),('nicholas45@example.com','Melissa Sanders','R9*9Myqf9q','Libyan Arab Jamahiriya','Elliottberg','Uptown',6,0,1.94,'287.291.1093x591',NULL,'F','Melanie','Norton','Ball\r'),('nicholas61@example.com','Tamara Dennis','%cm%WT1)6o','Oman','Salinashaven','Downtown',0,1,0.87,'6806180318',NULL,'M','Margaret','Beck','Young\r'),('nicholas80@example.org','Matthew Hernandez','If2DqJW5+6','Chad','East Mariahside','West End',4,0,3.9,'848.732.6589x062',NULL,'F','Jason','Bishop','Sanders\r'),('nicholas96@example.net','Jennifer Hodge','*4pc5EUoQv','Bangladesh','Mcdowellstad','Central',2,1,3.23,'001-882-601-0145x89987',NULL,'M','Alexander','Burton','Jackson\r'),('nicolelopez@example.net','Anthony Lee','Rf0LRJj$F%','Somalia','Austinfort','Uptown',13,0,0.08,'697.357.5388x36959',NULL,'F','Debra','Garrett','Gonzales\r'),('npeters@example.com','Kevin Jones','_d0OJUf!^Z','Luxembourg','Veronicaview','West End',0,0,0.05,'001-996-601-0464x99263',NULL,'F','Spencer','Christensen','Jensen\r'),('nprice@example.com','Dylan Wilson','N)z9LpI_hx','Turks and Caicos Islands','Kimberlychester','Downtown',7,0,2.04,'001-664-597-3986x47395',NULL,'F','Nicole','Cabrera','Thomas\r'),('nroberts@example.org','Pamela Martin','!@$8NNhtVI','Sri Lanka','Port Kurt','East Side',2,0,3,'(443)290-1362x73638',NULL,'M','Luis','Fox','Rogers\r'),('nwatson@example.com','Kristine Sullivan','n3hZbfCS*i','Indonesia','South Benjaminbury','Uptown',4,1,2.7,'(933)386-6041',NULL,'M','James','Wu','Hughes\r'),('nwilliams@example.com','Amy Beltran','^7CmqvrUG!','Argentina','Bradleychester','Riverside',11,0,3.73,'+1-823-941-6526x3496',NULL,'F','Mark','Carlson','Farmer\r'),('ocaldwell@example.org','Dr. Kevin Johnston','wiQNzxF)$4','Guyana','Port Brianside','West End',10,1,0.52,'924-568-9474',NULL,'F','Roberta','Patel','Ballard\r'),('ocrawford@example.org','Andrew Park','^a&j1CoLJ0','Haiti','North Karinamouth','West End',16,0,1.18,'262.325.2747x81030',NULL,'F','Kevin','Stewart','Howard\r'),('ograham@example.net','Joseph Kelley','B6!2mG!o9G','Tunisia','Tylertown','Uptown',3,1,2.45,'968.429.3358x015',NULL,'F','Erica','Lopez','Brooks\r'),('ojohns@example.com','Brett Gutierrez','d)N(ytiy%1','Afghanistan','Jenniferbury','Uptown',13,1,1.82,'4747246785',NULL,'F','Robert','King','Munoz\r'),('omack@example.net','Caleb Dennis','*RV5ysnf1@','Trinidad and Tobago','Smithfort','West End',12,1,2.9,'(996)834-0856',NULL,'M','James','Gonzalez','Thomas\r'),('onealjesse@example.org','Steven Carlson','Scd1FzfO)i','Saudi Arabia','South Keith','Central',11,0,1.06,'+1-585-634-4686',NULL,'F','Douglas','Johns','Weber\r'),('orodriguez@example.org','Christina Roberts','#nxVhhPV4n','Malawi','South Dwayneborough','Downtown',7,0,0.76,'+1-809-800-3553',NULL,'M','Crystal','Sheppard','Alvarado\r'),('ortizstephen@example.com','Sandra Abbott','^%6SpXFqcc','Timor-Leste','East Stephanie','Uptown',5,0,3.91,'271-695-8440',NULL,'F','Jesse','Aguilar','Salas\r'),('osims@example.net','Daniel Perez',')1Y2@f@!)j','Belize','Joneschester','Uptown',10,0,1.85,'912.599.4633x603',NULL,'M','Brian','Mills','Villarreal\r'),('padillajohn@example.com','Carla Madden','(nqGwPoxJ7','Ethiopia','East Jason','Central',5,1,3.17,'555.886.5072',NULL,'M','Carl','Walton','Gillespie\r'),('palmeremily@example.org','Jeremiah Barnes','(Ke8WIlLE7','Cayman Islands','Krystalshire','Central',6,0,0.71,'742.480.3370',NULL,'M','Bailey','Thomas','Butler\r'),('palmerrichard@example.org','Joshua Parker','w+0Cewa_lp','Libyan Arab Jamahiriya','South Gina','Riverside',10,1,3.49,'+1-724-289-8083x62791',NULL,'F','Shannon','Mora','Cook\r'),('pamelajohnson@example.net','Janet Johnson PhD','!I(0XlM86%','Sao Tome and Principe','Lake Scottmouth','Downtown',13,0,3.02,'+1-415-784-7900x5063',NULL,'F','Matthew','Martin','Cox\r'),('parksjeff@example.net','Elizabeth Patterson','Zxx_7DGxUK','Saint Kitts and Nevis','Thompsonmouth','East Side',10,0,0.2,'757-770-8475x4377',NULL,'M','Jennifer','Hawkins','Farley\r'),('patellaura@example.org','Jeremy Welch','(O6aT!TcdA','Jersey','Romanchester','Downtown',11,0,3.17,'387-342-6374x40705',NULL,'F','Albert','Warren','Collins\r'),('patricia60@example.com','Frederick Daniels','#USidyyI+7','Saudi Arabia','East Angelatown','East Side',1,1,2.18,'(710)358-1891x518',NULL,'M','Cheyenne','Richardson','Moss\r'),('patrick02@example.net','Lauren Jones','*5a8VLjlnl','United States of America','Kristenberg','Central',14,1,3.02,'956-364-2252x4014',NULL,'F','Kyle','Gonzales','Fischer\r'),('patricksamantha@example.org','Ronald Dennis','!4pFoIQfys','Puerto Rico','West Billyview','Riverside',15,1,1.2,'277-557-6452x532',NULL,'F','Nancy','Scott','Gregory\r'),('pauljones@example.com','Amanda Moore','y*V2M3YwOr','Haiti','Port Connie','East Side',0,0,0.83,'5553967974',NULL,'M','Lisa','Carson','Hernandez\r'),('pearsonjohn@example.net','Ricardo Miller','@6U^x3ov&x','Djibouti','Masonfort','Downtown',2,1,0.18,'+1-584-399-2108',NULL,'F','Samantha','Thomas','Arnold\r'),('perkinsevan@example.org','Mike Roberts','@(2V(QxF5$','Germany','South Corey','Uptown',15,0,2.79,'(569)602-8166x8027',NULL,'F','Gerald','Boyd','Lara\r'),('perrymatthew@example.net','Ronald Morris DVM','0K0s+RetT!','Tuvalu','North Stephenbury','Central',5,1,3.62,'+1-411-698-4064x91871',NULL,'F','Benjamin','Green','Cruz\r'),('pguerra@example.net','Sandra Nguyen','_Wd(9QEe7^','Lao People\'s Democratic Republic','Johnsonmouth','Uptown',16,0,0.9,'001-844-228-7292x630',NULL,'F','James','Lawson','Rose\r'),('phammichael@example.org','Krista Howard','C9oSAMIb%9','Zambia','West Annemouth','West End',4,0,3.68,'001-474-920-0582x892',NULL,'M','Nicole','Jones','Barker\r'),('phillipsjanet@example.com','Diana Thompson','+v4LpL1WY#','Denmark','Lake Ronnie','Downtown',11,0,1,'845.960.6847x0659',NULL,'F','Tyler','Mills','Meyer\r'),('pierceerin@example.org','Chad Wells','OVC1DXCe)k','Afghanistan','Port Amy','Uptown',15,1,1.94,'001-890-565-5920x978',NULL,'F','Susan','Grant','Jenkins\r'),('pmcmillan@example.org','Grace Mcbride','995T*xGh(2','Nauru','Joanntown','Downtown',5,1,3.13,'(616)401-4338',NULL,'F','Joshua','Lucas','Gonzalez\r'),('pmoore@example.net','Emily Bryant','&5G9+FsbAT','Denmark','East Derrickshire','Riverside',13,0,1.24,'(808)794-7464',NULL,'F','Dennis','Flores','Lynch\r'),('portermary@example.net','Jeffery Arnold','v#87ZG3vBJ','Andorra','Walterfort','Central',10,1,0.32,'001-917-856-2683x628',NULL,'M','Laura','Buchanan','Crawford\r'),('pottsallen@example.com','Jill Boyd','34!(6EGq(^','United States Virgin Islands','Anthonymouth','Central',8,0,3.5,'(476)858-3194',NULL,'F','Alicia','Harris','Bailey\r'),('pparks@example.net','Mackenzie Sutton','pa#O1WWyq*','Cook Islands','East Nicholas','Riverside',4,1,3.65,'(600)316-9967',NULL,'F','Danielle','Wilson','Andrews\r'),('price@example.net','Sheila Bradford','+m3tVchJ5q','Tokelau','Johnbury','Central',1,0,3.37,'+1-260-365-4525x998',NULL,'F','Jillian','Pitts','Pena\r'),('qjones@example.org','Robert Miranda','*@8OK^Pr#w','Sweden','Joycetown','West End',12,1,2.06,'001-944-938-0579',NULL,'M','Joshua','Drake','Carter\r'),('qkelly@example.org','James Weaver','5!NY!lZG^k','Latvia','Port Sarahbury','Riverside',3,1,2.56,'+1-288-941-5133x14821',NULL,'F','Amber','Harris','Porter\r'),('qstark@example.net','Marc Williams','!m3AAJVycP','Tanzania','Kellychester','Riverside',13,1,0.2,'977-562-5394',NULL,'M','John','Hoffman','Smith\r'),('rachaelhunt@example.net','Kristina Stokes','hc1YYxXzZ)','Angola','East Jessicafurt','Central',16,0,0.62,'(649)810-7524',NULL,'M','Brian','Kidd','Pittman\r'),('rachelhayden@example.org','Samantha Wilson','#F$3YZViLH','Serbia','New John','Uptown',0,1,2.83,'(534)907-9305',NULL,'F','Richard','Singleton','Richards\r'),('rachelmercado@example.com','Lisa Townsend','p!3J@hRlVH','Solomon Islands','Port Terri','Central',3,0,1.16,'001-262-486-1178',NULL,'M','Manuel','Rowland','Owens\r'),('rachelwilcox@example.net','Jesse Gregory','%4(yYOev^F','Haiti','South Gary','East Side',0,1,3.88,'531-847-4063x68173',NULL,'F','Veronica','Hodges','Mcdowell\r'),('raymondfriedman@example.org','Abigail Aguilar','^3Rp)aXK%3','Morocco','Smithburgh','Downtown',9,0,1.56,'276-821-0921',NULL,'F','Amanda','Cox','Moody\r'),('rcampbell@example.com','Norman Fernandez','EA2LwMSeE^','North Macedonia','Kingberg','Downtown',6,0,2.05,'(414)973-8110',NULL,'F','Kara','Rice','Whitaker\r'),('rchavez@example.com','Matthew Wilson','(9INx$tM)u','Niue','Wonghaven','Riverside',8,0,1.53,'844-416-2988x49823',NULL,'F','Kendra','Garcia','Smith\r'),('rcross@example.org','Joseph Durham','+09ICEwsFc','Lesotho','Woodwardberg','West End',14,1,1.09,'+1-748-459-3527x460',NULL,'M','Meagan','Kelly','Watson\r'),('rdavis@example.net','Erin Sampson','%X3dUpdY#I','Holy See (Vatican City State)','South Amanda','Uptown',1,0,0.88,'253-819-0713',NULL,'M','Sydney','Hodge','Sanders\r'),('rebecca37@example.net','Joshua Evans','b^1n9WwSZ6','United States Virgin Islands','Andersonland','Riverside',15,1,2.27,'260.329.3997',NULL,'F','Felicia','Alexander','Green\r'),('regina14@example.com','Angela Strong','4wA5VPuQj)','Anguilla','Riveraland','Downtown',2,1,1.77,'001-472-919-0620x0678',NULL,'F','Marc','Fox','Petty\r'),('reginathompson@example.net','William Eaton','Uo8_LWyA%_','Slovenia','Taylorville','Uptown',13,1,1.09,'9268085456',NULL,'F','Kathryn','Wolf','Roberts\r'),('reneegordon@example.net','Michael Edwards','va8V$X9Sw$','Marshall Islands','Griffinton','Downtown',9,1,2.24,'441.683.2125',NULL,'F','Amy','Guzman','Hall\r'),('richard07@example.org','Zoe Buck','(Sq3fQwEs0','Pitcairn Islands','Kelleychester','Uptown',2,1,2.7,'377-903-7132x286',NULL,'M','Douglas','Williams','Thomas\r'),('richard39@example.com','Cindy Harris','QUS(+d9f*8','British Virgin Islands','Lake Kellyshire','Riverside',15,1,1.67,'+1-407-735-4555x017',NULL,'M','Adam','Stephens','Green\r'),('ricknolan@example.org','Thomas Sims','Cen08Us#%(','Tanzania','Port Tammyburgh','Riverside',4,0,1.56,'895-585-0507x6070',NULL,'F','Angelica','Mitchell','Gonzalez\r'),('riveraann@example.org','Connor Barton','_qJ%7wGmtA','Lesotho','New Jessica','Downtown',6,1,1,'+1-323-425-5058x2259',NULL,'F','Carl','Jones','Collins\r'),('rjenkins@example.net','Alice Peters','@0&nbNNQqf','Central African Republic','Port Kayla','West End',13,0,1.77,'(662)722-7208',NULL,'F','Christopher','Horton','Griffin\r'),('rlam@example.org','Kimberly Larson','@+7wYFazH_','Faroe Islands','West Amy','Uptown',9,0,2.31,'490.871.4538x2160',NULL,'F','Justin','Payne','Welch\r'),('robersonamanda@example.com','Sandra Bates','_8*C!pxE%8','Netherlands','Port Nathanieltown','Downtown',3,1,0.54,'+1-367-643-3634',NULL,'F','Nicole','Thomas','Salazar\r'),('robert91@example.com','Thomas Jacobson','xtd2Kfjn^k','South Georgia and the South Sandwich Islands','Hannahmouth','Downtown',9,0,1.63,'001-437-617-8498x56930',NULL,'F','Melissa','Fernandez','Bauer\r'),('robert95@example.org','Ryan Patrick','(8eHUv9HT%','Moldova','Wheelerburgh','Central',2,1,2.67,'8723264883',NULL,'M','Mark','Woodard','Lewis\r'),('robertarmstrong@example.net','Erin Wiggins','VTXj9snb(+','Pakistan','Nicholasbury','Uptown',5,0,0.04,'(351)996-0463x33202',NULL,'F','David','Fletcher','Cook\r'),('roberthutchinson@example.org','Robert Brown','#5RFXd*cjB','Qatar','Monicamouth','West End',13,0,3.45,'739-684-8782x744',NULL,'M','James','Rollins','Simpson\r'),('robertjackson@example.net','Jason Molina','9@c1zCqf)_','Montenegro','West Scottchester','West End',5,0,2.21,'001-902-364-8820x83146',NULL,'F','Sandra','Martin','Garrison\r'),('robertlewis@example.com','Kyle Duncan','IJCZk1mm+7','Cambodia','Thomasborough','West End',12,1,1.05,'278.263.2899x75540',NULL,'F','Steven','White','Hernandez\r'),('robertrichardson@example.org','Fernando Juarez','^vh#N#qY)6','British Indian Ocean Territory (Chagos Archipelago','Stuarttown','West End',12,1,0.93,'(749)816-4353',NULL,'M','Karen','Collier','Garcia\r'),('robertsjohn@example.com','Jenna Sims','%*H2Hy^dvC','Heard Island and McDonald Islands','Port Denise','Riverside',8,1,2.01,'+1-397-689-2785x7558',NULL,'M','Eric','Benson','Barton\r'),('robin46@example.com','Chelsey Hayes','Fz&0A!E$N$','Northern Mariana Islands','South Brian','West End',2,0,3.37,'(737)348-3351x3934',NULL,'F','John','Herman','Meyer\r'),('robinsoncharles@example.org','Tracy Turner','hq7w2SQi^4','Estonia','North Christina','Riverside',7,1,1.79,'001-529-533-4975x033',NULL,'M','Gavin','Fisher','Castro\r'),('robinsonmark@example.org','David Cross','F%mE57qqgK','Mayotte','Jonesberg','Central',10,0,3.06,'(429)800-1375',NULL,'M','Spencer','Mcdaniel','Lambert\r'),('robinsonrobin@example.com','Sarah Vance','hWa%pIgP^7','Zambia','Hannahhaven','Central',2,1,1.37,'558-296-2305x58626',NULL,'M','Michael','Norman','Miller\r'),('rodriguezkyle@example.com','Justin Jones','(2d2VYOlRG','Jordan','South Julieside','Riverside',7,1,3.29,'+1-847-384-6812x2606',NULL,'M','Cameron','Flores','Ibarra\r'),('rojasbrian@example.org','Sara Gonzalez','$65Ud3y6WF','El Salvador','North Branditown','West End',15,0,3.72,'204.813.7409x554',NULL,'F','William','Goodman','Bernard\r'),('romerochristina@example.com','Paul Stanton MD','Noy#SlGs+6','Bahrain','New Crystal','East Side',2,1,1.16,'773.650.1310',NULL,'F','Sue','Mendez','Cochran\r'),('ronnie15@example.net','Virginia Harris','V!0rHQt)8#','Guinea-Bissau','Thomasport','Riverside',3,1,1.86,'800.307.2495x9200',NULL,'M','Jenny','Singh','Murray\r'),('rperez@example.org','Suzanne Black','a1ytEOzw+w','Montenegro','East Diane','East Side',7,0,3.78,'568.910.9535',NULL,'F','Theresa','Davidson','Hurst\r'),('rporter@example.com','Ashley Curry','o6Gp%YRu*r','Dominican Republic','Port John','Riverside',5,1,2.53,'491.642.3538x08959',NULL,'M','Chelsea','Wright','Welch\r'),('rrobinson@example.com','Richard Clark','Y_8H3i$rbd','Comoros','New Laura','Central',0,0,3.58,'731.674.8163',NULL,'F','Richard','Kelly','Moon\r'),('rtrevino@example.com','Victor Chang','^QtEIqmh39','Belarus','Danielchester','East Side',7,0,1.67,'8989762680',NULL,'M','Brenda','Nguyen','Brady\r'),('rubioalexander@example.com','Juan Dominguez','4lFjsdhi(8','Morocco','Port Jasonhaven','Riverside',7,0,3.09,'(352)629-9265x46492',NULL,'M','Danielle','Pace','Gamble\r'),('ruthwhite@example.com','Joel Steele','_8EE3hOldn','Honduras','North Stevenborough','Central',5,1,0.06,'737-477-8433',NULL,'M','Leah','Hartman','Crosby\r'),('rwhitehead@example.com','Nicholas Barton','Tn@I0UVba7','Afghanistan','West Whitneyport','Central',6,1,1.83,'001-395-411-2363x3774',NULL,'F','Craig','Smith','Reynolds\r'),('ryan71@example.org','Kaitlyn Nicholson','#)VL0eBwqk','Timor-Leste','Gilmoreton','West End',15,1,2.58,'(522)202-8667x3975',NULL,'M','Tina','Pena','Myers\r'),('ryanjackson@example.org','Melvin Mason','naQBjkoC@7','Guinea','Nelsonmouth','Riverside',4,0,3.56,'(451)708-7365x4785',NULL,'M','Andrew','Hardin','Santiago\r'),('ryanpalmer@example.org','Douglas Pham','!AMYEWTo75','Mauritius','Diazton','Uptown',2,0,2.97,'(348)291-7293x81741',NULL,'F','Mary','Adams','Smith\r'),('sabrinamiller@example.org','David Jackson','!BH!tFbu4H','Equatorial Guinea','Baxtermouth','West End',12,1,0.41,'(548)772-5209x431',NULL,'F','Carolyn','Hart','David\r'),('samantha13@example.net','James Foley','GcEffcxj&1','Gabon','New Alicetown','Downtown',11,0,2.73,'+1-618-814-5414x01726',NULL,'M','Rebecca','Hall','Schmidt\r'),('samueljohnson@example.org','Alexander Donovan','DN+A5WPy1R','Israel','Michaelmouth','Central',9,1,2.1,'(294)509-8007x741',NULL,'M','Marcus','Hill','Oneal\r'),('sanchezjennifer@example.net','Taylor Bishop','_@pZ)JvK)5','Bahamas','Jamesburgh','Downtown',10,1,1.54,'+1-575-894-7024x93543',NULL,'F','Cynthia','Lamb','Ortiz\r'),('sandracarroll@example.net','Gerald Stout','u7fT(EFr(V','Antarctica (the territory South of 60 deg S)','Lake Andreaville','East Side',10,0,1.44,'5738806508',NULL,'F','James','Johnson','Phillips\r'),('santanatammy@example.com','John Sanchez','79DC7OVm0_','Slovakia (Slovak Republic)','South Sydney','West End',4,1,1.78,'(934)956-4301',NULL,'M','Breanna','Martin','Gibson\r'),('sara01@example.com','Roberta Thomas','H80sA@gZ%8','Ecuador','Christopherfort','East Side',9,0,1.94,'+1-399-696-7896',NULL,'M','Samuel','Gibson','Rogers\r'),('sara39@example.net','Brent Osborn','!*1Wcr+3ff','Uzbekistan','Jacksonside','Central',15,0,1.37,'996-489-2760x6518',NULL,'F','Ryan','Rogers','James\r'),('sarah27@example.com','Shannon Saunders','YGn&L2Tr$d','Albania','East Steven','West End',1,0,2.63,'(508)931-6554x8050',NULL,'M','Jerry','Mcgee','Banks\r'),('sarahfernandez@example.com','Brian Jones','jv7BRPDb@i','Puerto Rico','Courtneyville','Uptown',0,1,1.5,'5985009272',NULL,'F','John','Williams','Cohen\r'),('savannahwilliams@example.net','Jeffery Green','!hNA1Yd4!U','Isle of Man','Lake Katieview','Downtown',16,0,2.37,'001-399-958-4820x9035',NULL,'M','Melissa','Briggs','Mcclure\r'),('schultzdavid@example.org','Mary Duffy','gJ)D21NsVZ','Lebanon','Michaelfurt','Downtown',15,0,0.28,'001-501-755-8602',NULL,'M','Sydney','Rodriguez','Hayes\r'),('scottleah@example.com','Matthew Gibson','a0ZSpOw@^h','Namibia','Andrewfurt','Downtown',10,0,1.37,'(534)600-6550',NULL,'M','Leslie','Melton','Reed\r'),('sdominguez@example.com','Cynthia Christensen','F1+a1DRr!J','Madagascar','North Richardborough','Riverside',6,0,1.36,'969.215.7712x56403',NULL,'F','Kim','Bolton','Peters\r'),('sean24@example.org','Ralph Hobbs','*VhT20ia!9','New Caledonia','South Alejandraberg','Uptown',6,0,0.1,'(346)446-9843',NULL,'F','Thomas','Brown','Cobb\r'),('sevans@example.com','Daniel Moore','WlPCsYRW*5','Marshall Islands','West Vanessa','Uptown',7,0,3.55,'(964)932-0607x800',NULL,'F','Andrea','Lamb','Mathis\r'),('shannonmichelle@example.net','Shawn Cole','$1KTc*v8Pl','Eritrea','Mitchellfurt','Riverside',5,1,3.42,'001-958-833-2365x5677',NULL,'F','Juan','Glass','Peters\r'),('sharon16@example.net','David Ford','rCFspudi+6','Montserrat','New Melissatown','Central',6,0,1.9,'758-311-9766x4764',NULL,'F','Michael','Bradley','Mcpherson\r'),('sharon75@example.com','William Smith','6_szs7xcFR','Nauru','Port Joseport','East Side',6,0,3.46,'322-811-4658x037',NULL,'F','Jeremy','Williams','Harvey\r'),('shawn12@example.org','Anthony White','&0mTEuNqVX','Mali','Wiseside','Central',14,0,0.88,'9707075425',NULL,'M','Ann','Martin','Rodriguez\r'),('shelleywilson@example.org','Courtney Wilson','bJ#4Uz#gLm','Iraq','West Johnton','West End',16,0,2.85,'968.873.9446x977',NULL,'M','Martin','Torres','Peterson\r'),('shepardangelica@example.net','Steven Snyder','qD@FrDR(*1','Kazakhstan','Randolphberg','Riverside',14,0,0.83,'(442)637-9160x7707',NULL,'F','Pamela','Rivas','Ryan\r'),('sherylalexander@example.com','Zachary Wells','(ma7OMj@7_','Turks and Caicos Islands','Deckerton','East Side',15,0,0.13,'506.377.8331x1681',NULL,'M','Natasha','Johnson','Kennedy\r'),('shortbrian@example.org','Lisa Banks','(XEr8P)z4F','Serbia','Williamland','Downtown',9,0,0.7,'001-869-331-9316',NULL,'F','Rachel','Cox','Johnson\r'),('simmonseric@example.org','Lauren Riley DDS','!%wDCQ#y3J','Jersey','South Zacharyfort','Central',16,1,0.97,'+1-987-819-3422x57118',NULL,'F','Shelia','Young','Castillo\r'),('speck@example.org','Tina Duffy','2&MBMGKi#5','Qatar','Port Barry','East Side',0,1,1.09,'534-827-4226',NULL,'F','Ivan','Bradford','Christian\r'),('spencejeremy@example.org','Danielle Riley','7@H4PBcpU7','Papua New Guinea','Josephville','West End',9,0,3.38,'(341)383-2059x45140',NULL,'F','Melissa','Delgado','Coleman\r'),('stephanie62@example.net','Thomas Zimmerman','!$W96Mhx66','Macao','Port Mariamouth','Central',14,1,2.74,'5654760414',NULL,'F','Kelly','Wheeler','Morales\r'),('stephanie67@example.org','Bryan Webb','D*lw$*bn@9','Portugal','Jefferyberg','Central',3,0,2.54,'788-581-1414x33033',NULL,'F','Todd','Strickland','Tucker\r'),('stephanieturner@example.org','Michele King','@Fi5Vs7RB8','United States of America','East Jennifer','East Side',3,0,1.42,'705.354.5078x3031',NULL,'M','Cassandra','Carson','Green\r'),('stephaniewilliams@example.org','Maria Hill','654DEywm^d','Lebanon','Davismouth','Downtown',14,1,0.23,'887.208.4421',NULL,'M','Robert','Sherman','Sexton\r'),('stephen30@example.com','David Clark','*7YlvliK9@','Croatia','Chelsealand','Downtown',14,0,3.73,'+1-207-637-2461x0604',NULL,'F','Christine','Maldonado','Gordon\r'),('stephen38@example.org','Jessica Ford','^nb0qJSm++','Latvia','Michaelstad','Downtown',4,1,2.65,'670.986.3297',NULL,'M','Carly','Morris','Wilson\r'),('stephen40@example.org','Ricardo Moore','RR0JOqNb&O','Tajikistan','Amandaburgh','West End',1,0,1.82,'001-291-931-2521x72758',NULL,'F','Kayla','Dougherty','Finley\r'),('stephensaimee@example.com','Mark Jackson','V&5Cy@qc1I','Reunion','North Johnchester','Central',13,0,0.16,'+1-811-733-4557x0015',NULL,'M','Angela','Cox','Chen\r'),('stephensbrianna@example.com','Andrew Gomez','ChvQXN4r!9','Liberia','Fergusonstad','Uptown',13,1,2.6,'001-209-581-0085x554',NULL,'F','Brenda','Joseph','Elliott\r'),('steven08@example.com','Janet Taylor','+9iaUQYtyY','Bosnia and Herzegovina','Jonesshire','Central',13,0,0.94,'+1-451-497-5643',NULL,'M','Eric','Morgan','Nguyen\r'),('stevensjason@example.com','Tabitha Day','l6)K9LUiY%','Micronesia','South Zachary','West End',8,1,0.32,'001-670-582-0263',NULL,'M','Felicia','Obrien','Richardson\r'),('stevewilliams@example.org','Crystal Adams','(+GlOlB%1M','French Polynesia','Jacksonview','Uptown',1,0,2.58,'001-313-903-3242',NULL,'F','Teresa','Perez','Conner\r'),('suehill@example.org','Shane Walker MD','wH0JTtP0X^','Northern Mariana Islands','West Barbara','Downtown',10,1,0.63,'001-920-710-1706',NULL,'M','Dana','Foster','Guerrero\r'),('sullivanautumn@example.org','Michael Fisher','@)8Gan4@v_','Congo','Dominguezstad','Central',3,0,3.25,'247.329.4261',NULL,'M','Sheri','Martinez','Mooney\r'),('sullivandeborah@example.org','Michael Petty MD','I5d6Kuoo&k','Barbados','South Jerrymouth','West End',6,1,2.85,'4869019295',NULL,'F','Christopher','Smith','Peters\r'),('susan60@example.com','Brent Lewis','#o@C16FRC$','Mongolia','Port Vanessaton','West End',12,1,0.24,'904-410-9823x84347',NULL,'M','Bonnie','Huang','Barnes\r'),('sylvia30@example.com','Judy Smith','38r^nJ9l+5','Tonga','Joelchester','Central',8,1,0.6,'8157184786',NULL,'M','Matthew','Cohen','Mitchell\r'),('tammyboyle@example.com','Jennifer Sanchez','R6WNc)w7$H','Portugal','Markland','Downtown',12,1,2.79,'+1-706-685-7724',NULL,'F','Anita','Carter','Rhodes\r'),('tammylee@example.org','William Rivera','Ep)4Xx3HbG','Cape Verde','Steventon','Downtown',14,1,2.43,'233-944-8558x33047',NULL,'F','Michelle','Johnson','Martinez\r'),('tannercharles@example.net','Daniel Farmer','#0O*CBEvbq','Estonia','Josephborough','East Side',5,1,0.5,'430.471.0792x6607',NULL,'M','Anthony','Perez','Wallace\r'),('tanthony@example.com','Jessica Johnson','3^5IJOs)bg','Azerbaijan','West Lisa','Central',5,0,2.83,'4017361645',NULL,'M','Arthur','Schmitt','Rivera\r'),('taylor35@example.net','Rebecca Thompson','^54V8na)y%','Niger','Michelleborough','East Side',4,0,2.46,'578-834-0244',NULL,'F','Cole','Frye','Davis\r'),('taylorbrandt@example.net','Christopher Romero','KC@j1JtoEP','Estonia','East Paul','Uptown',7,0,0.34,'001-975-501-0749',NULL,'F','Anna','Brown','Hamilton\r'),('taylorcobb@example.com','Debra Lucas','$F26T$vyvT','Malaysia','Port Richardmouth','Downtown',10,0,1.39,'+1-686-428-9180x980',NULL,'M','Matthew','Aguilar','Riley\r'),('taylornathan@example.net','Bradley Hamilton','&iYBPYsTp9','Germany','North Jimmystad','Riverside',10,0,1.8,'736.425.0121',NULL,'M','Nathan','Morgan','Brennan\r'),('taylorsteven@example.com','Lee Brown',')N8EH9@pv(','Mali','Lake Abigail','Downtown',7,0,1.73,'(865)487-0024',NULL,'F','Jonathan','Smith','Myers\r'),('tchavez@example.com','James Hamilton','@q6FCM2w!*','Botswana','Craigside','Central',11,0,2.27,'+1-688-778-2428x705',NULL,'M','Jason','Herrera','Vaughn\r'),('tcollier@example.net','Cathy Richardson','6%_2NMIfrD','Trinidad and Tobago','Port Kristin','East Side',13,1,0.97,'(303)560-3479',NULL,'F','James','Li','Johnson\r'),('teresajennings@example.net','Mary Anderson','DnQn+XFh+4','Peru','Danielleview','Riverside',15,1,1.36,'999.708.3641x511',NULL,'M','Ethan','Bradley','Washington\r'),('tevans@example.net','Keith Crawford',')jdE!S^qp6','Marshall Islands','North Madeline','East Side',14,0,3.06,'5354786360',NULL,'F','Amy','Rivera','Higgins\r'),('tgreen@example.org','Eric Clayton','^5I7tFz51G','United States of America','New Kimberlyfort','Riverside',3,0,2.23,'(613)501-6200',NULL,'M','Karen','Walton','Simmons\r'),('tguerrero@example.org','Sarah Morrow',')0Uj42gl+F','Papua New Guinea','East Johnny','East Side',5,0,0.72,'(953)361-4773x34410',NULL,'F','Connie','Hall','Foster\r'),('thomasann@example.net','Erica Murray','y+w8rx6zmU','Syrian Arab Republic','North Laurashire','East Side',9,0,1.06,'857-596-0146',NULL,'F','Natalie','Henson','Hunter\r'),('thomasrangel@example.com','Christopher Williams','^$0S5Cp*at','Saint Barthelemy','Delgadomouth','Central',2,0,2.39,'001-334-612-9226x83207',NULL,'F','Ralph','Adams','Dunn\r'),('thomasrodriguez@example.com','Deanna Henderson','23D@4WTtL+','Christmas Island','Jeffreyhaven','Riverside',16,0,3.07,'316.400.6790',NULL,'M','Eric','Adams','Smith\r'),('thompsonjoshua@example.net','Thomas Kim','N%8haUinZJ','Macao','Mccannberg','West End',2,1,1.69,'(769)794-3676x4886',NULL,'F','Cindy','Sellers','Kennedy\r'),('thompsonjulian@example.com','Anne Flynn','1gCWa5oW$*','Honduras','Lake Jeremiahchester','East Side',5,1,1.39,'001-691-941-3240',NULL,'F','Stephanie','Gonzales','Tate\r'),('thompsonnicole@example.com','Jeffrey Jones','p_h16JXoa6','Svalbard & Jan Mayen Islands','East Stephanietown','Riverside',7,0,1.32,'(499)983-5699x07436',NULL,'F','Stephen','Davis','Sherman\r'),('thompsonshelly@example.org','Kaylee Mckenzie','2hSgyL#H^4','Japan','Port Angelahaven','East Side',5,0,1.52,'001-329-468-7494x430',NULL,'F','Sonya','Bradley','Mason\r'),('thompsontiffany@example.net','Christopher Johnson','vXL@0Xj1+a','Serbia','Nicoleside','East Side',5,0,0.36,'894.542.9170x616',NULL,'F','Jared','Berry','Pierce\r'),('timothymartinez@example.org','Eric Gordon','7oBbRk@r$5','Svalbard & Jan Mayen Islands','Port Natasha','Downtown',10,0,3.78,'+1-688-278-1555x51863',NULL,'M','Beth','Cantu','Jefferson\r'),('timothywoodard@example.net','Brian Hawkins',')ApiH+m73s','Nepal','Jenniferport','Riverside',6,0,0.4,'001-635-661-9211x2694',NULL,'F','Scott','Scott','Larson\r'),('tinabarron@example.com','Charles Gonzalez','(E1XjAlx4$','Burkina Faso','Lake Davidberg','Uptown',3,0,3.61,'278-702-6607x3389',NULL,'M','Danielle','Morris','Vincent\r'),('tomruiz@example.org','Mr. Cody Cisneros',')24MASfSR^','Estonia','New Michelle','Downtown',7,1,3.47,'(994)982-7904',NULL,'F','James','Thornton','Brewer\r'),('toni46@example.org','Lisa Davis','#+0R8DaXU8','Bulgaria','Port Tiffany','East Side',14,1,3.94,'+1-681-249-3955x7755',NULL,'M','Michael','Richardson','Gardner\r'),('tony46@example.net','Audrey Wong','3V2Zm&ag^^','British Virgin Islands','Lake Robinside','East Side',8,0,1.96,'001-715-767-5358',NULL,'M','Sandy','Carroll','Robertson\r'),('torresrobert@example.net','Lauren Yates','L@3K8f8efd','French Southern Territories','Lake Nicholas','Riverside',11,0,2.72,'+1-207-548-4633x5896',NULL,'M','Zachary','Harmon','Williams\r'),('townsendcorey@example.net','Felicia Everett','m^Ec)9WjO2','Ghana','New Johnfurt','Uptown',11,1,1.62,'789.940.2467x56581',NULL,'F','Melissa','Tran','Mann\r'),('traceynguyen@example.com','Tommy Cook','$B5rG6+cXf','Israel','West Anna','Uptown',10,1,0.54,'840.844.5128x61627',NULL,'F','Mike','Mathis','Flores\r'),('tracypatterson@example.net','Mackenzie Sullivan','1a18v5Bq#2','Greenland','Whitebury','West End',12,1,2.03,'538-744-3598x394',NULL,'F','Caitlyn','Cook','Howell\r'),('tracyruiz@example.net','Kenneth Moore','dLDuM7No#c','British Virgin Islands','Nicolestad','Riverside',15,0,2.29,'3237945626',NULL,'M','Scott','Patton','Cooper\r'),('travismartinez@example.net','Kathleen Rodriguez','*5yJqXZquv','Yemen','West Kristichester','East Side',9,0,2.28,'4839572459',NULL,'M','Andrew','Murillo','Carter\r'),('tshepherd@example.net','Douglas Harris','(VS60H5a7x','Mali','West Stevenfort','Central',5,0,2.06,'+1-736-295-8257x8340',NULL,'F','Christina','Ortiz','Freeman\r'),('tthomas@example.org','Nicole Callahan','*8+Zl4vS)1','Bulgaria','West Eric','Uptown',7,1,1.69,'792-218-5987x4224',NULL,'M','Kristen','Ellis','Torres\r'),('tuckersherri@example.com','Wendy Foster','5_O5jZHss!','Slovakia (Slovak Republic)','Milesbury','Central',5,1,3.88,'826.577.8742',NULL,'M','James','Mills','Walker\r'),('twright@example.net','Rebecca Martinez','rV(%i0So&D','Macao','Flemingborough','Downtown',14,0,2.91,'599.789.8098',NULL,'F','Tyler','Williams','Atkinson\r'),('tyler04@example.net','Dr. Tara Mueller MD','^(m7EO6br)','Equatorial Guinea','West Jesseville','Downtown',12,1,0.21,'001-588-703-4467',NULL,'M','Charles','Johnson','Johnson\r'),('tyler46@example.net','Matthew Mcpherson','y173R%zh&&','Kuwait','Jenniferview','Downtown',3,0,3.65,'5494120145',NULL,'M','Allison','Fisher','Bates\r'),('tylerobrien@example.com','David Spencer','(iBbW)Owa8','Jersey','West Kimberly','West End',5,1,3.04,'+1-692-966-3713x09297',NULL,'M','Ashley','Clark','Johnson\r'),('tylerwatson@example.org','Dylan Rios','ZEVvBvaJ)9','French Polynesia','South Johnny','Uptown',15,0,1.56,'+1-483-250-1802x168',NULL,'F','Jesus','Henson','Lee\r'),('tyrone16@example.org','Jeremy Cox','k)FZ2JUh7J','Bangladesh','Lake Cameronview','West End',12,0,3.66,'001-805-765-8304x16322',NULL,'M','Kristina','Sullivan','Martin\r'),('ufisher@example.net','Jeffrey Ryan','E2EYOa4&%f','Netherlands Antilles','Hollyborough','Uptown',13,0,0.82,'7818383498',NULL,'M','Tyler','Smith','Weber\r'),('uleon@example.org','Cheryl Flynn','+UFglT^S^5','Saudi Arabia','Port Joseph','Downtown',4,1,1.63,'(511)771-9969x5899',NULL,'F','Sarah','Johnson','Harper\r'),('ulowe@example.net','Jessica Hernandez','ApG#UGdn#9','Thailand','Suttonmouth','Central',0,1,1.78,'870-895-7991',NULL,'M','James','Walker','Newman\r'),('upalmer@example.com','Maria Vaughn','$1SPvL%Ozz','Guadeloupe','Port Jennifer','Uptown',12,0,1.22,'705.202.5410x1515',NULL,'F','Richard','Lutz','Jones\r'),('uphillips@example.com','Richard Hopkins','PgY9eR@Jj*','Hong Kong','Lake Gary','Uptown',6,0,2.2,'+1-757-919-5671x281',NULL,'F','Sarah','Flynn','Mora\r'),('urichardson@example.com','Kaitlyn Gonzalez','J#6Grv4z1I','New Zealand','Leeport','Central',13,0,0.09,'6097489048',NULL,'M','Deborah','Cherry','Long\r'),('utucker@example.net','Marissa Richards','*D%)9AeV&f','Venezuela','Timothychester','West End',2,1,1.43,'593.445.3562x231',NULL,'F','Cathy','Harrell','Mcintosh\r'),('valenciamichael@example.org','Mr. Jose Gonzalez','mbwBIzLn*4','Mozambique','Sanchezbury','East Side',4,1,0.88,'(658)752-1156x45365',NULL,'F','Sean','Watkins','Scott\r'),('vanessa28@example.com','Isabel Coleman','Ty0m17DfD*','Liechtenstein','Goodmanberg','West End',5,1,1.38,'(385)603-6197x1588',NULL,'F','Paul','Rodriguez','Jones\r'),('vanessawalker@example.org','Jacqueline Gallagher','8f9X_@d&_p','Egypt','Port Bethanyberg','Riverside',16,1,0.03,'456.350.8639x35545',NULL,'F','John','Conrad','Cook\r'),('vbrown@example.com','Paula Macdonald','gG7S$4By!@','Fiji','Perryland','Downtown',15,1,1.43,'+1-318-218-4872x53859',NULL,'M','Matthew','Williams','Suarez\r'),('vbrown@example.net','Lynn Cross','6#4wBxGd!p','Cambodia','South Wendy','East Side',16,0,1.83,'954.344.9323x214',NULL,'F','James','Jones','Smith\r'),('vcoleman@example.net','Gary Anderson','Ay5KZAts!U','Turks and Caicos Islands','Port Emily','Riverside',11,0,3.12,'6665054579',NULL,'M','Frederick','Morales','Newton\r'),('vcollins@example.net','Alan Martin','&wN4nD4yQP','Mongolia','South Tashaville','Downtown',2,0,2.38,'+1-931-573-7790',NULL,'F','Mark','Wade','Ramirez\r'),('veronicalivingston@example.net','Emily Davis','_1V7+MJqfp','Moldova','Port Tammy','East Side',15,1,3.63,'(445)585-9631x5603',NULL,'F','Alexandra','Brown','Clark\r'),('victoriamartinez@example.com','Matthew Wood','kx(6sFxB!6','Heard Island and McDonald Islands','Pettychester','Downtown',5,0,2.11,'9548126069',NULL,'F','Tammy','Walter','Phillips\r'),('victoriastephenson@example.net','Don Brown','B$1PT&rmN_','Ethiopia','West Eileenside','East Side',8,0,0.91,'+1-295-841-0836x8167',NULL,'M','Jamie','Hamilton','Henderson\r'),('vincent79@example.org','Drew Smith','!(3Xaqj%@3','Palestinian Territory','Beckbury','Downtown',7,1,3.83,'+1-866-427-0253',NULL,'M','Steven','Chung','Goodwin\r'),('vlopez@example.com','Matthew Santiago',')0H&lEt+&6','Taiwan','Stanleymouth','Riverside',1,0,0.01,'878.616.3061',NULL,'F','Juan','Briggs','Jones\r'),('vmills@example.net','David Lee','#X_6s0Qu)3','Solomon Islands','Ibarraberg','Central',15,1,3.88,'+1-491-585-7013x886',NULL,'M','Anthony','Chang','Lawson\r'),('vrogers@example.org','Theresa Wang','7S$4JWuo^j','Slovenia','Oliviamouth','West End',7,1,2.4,'933.921.8666x546',NULL,'M','Walter','Schmidt','Weaver\r'),('vross@example.org','Angela Hodges','&^w2SjIv#+','Anguilla','East Richardberg','Riverside',13,0,2.13,'7059689084',NULL,'F','Jake','Jackson','Rivera\r'),('vtate@example.net','Christy Trujillo','^^&C3+^gu3','Saint Helena','West Kristinehaven','Riverside',15,1,2.17,'(248)577-3486x187',NULL,'F','Paula','Savage','Yu\r'),('vthomas@example.net','Miss Sarah Kelly','0J^6nEpUyM','Maldives','Douglasville','Downtown',7,0,1.7,'+1-634-568-2260x7156',NULL,'M','Mary','Morrison','Wallace\r'),('vthomas@example.org','Julie Solis','^5Ij)IYc8z','Kuwait','South Joshuaview','Uptown',10,1,3.62,'521-977-2551x286',NULL,'F','Terri','Carpenter','Stephens\r'),('waltonashley@example.com','Ariana Jensen','!PSWb$Ch*9','Maldives','Hopkinsbury','East Side',15,0,0.9,'909-910-7814',NULL,'F','Olivia','Smith','Compton\r'),('warmstrong@example.com','Ruth Lopez','_R4TD^xb6(','Dominica','Jillstad','West End',5,0,0.42,'439-636-8563x22467',NULL,'M','Megan','Johnson','Jackson\r'),('washingtoncalvin@example.net','Michael King','r@m_EgdX%4','Palau','Mcdonaldfurt','Downtown',13,0,0.49,'645.938.6515',NULL,'F','Cynthia','Roberts','Martinez\r'),('watkinslaura@example.org','Julie Hodges','O#6VL%Y(zg','Slovakia (Slovak Republic)','North Joshuabury','Uptown',15,0,3.43,'001-220-439-4345',NULL,'M','Zachary','Richards','Sampson\r'),('webbsandra@example.net','Barry Perez','2JPGrvsX!3','Central African Republic','Millerchester','Downtown',8,1,0.58,'958-334-7923x08002',NULL,'M','Christopher','Jensen','Brown\r'),('wellssandra@example.org','Jodi Edwards','&#+M2SKa))','Tokelau','Terrancebury','East Side',5,0,2.6,'001-336-802-1604x44790',NULL,'F','Stephen','Mendez','Vasquez\r'),('wesleydonaldson@example.org','Deborah Gillespie','^0ZEEAw#$h','Saint Kitts and Nevis','Jaimeborough','Riverside',0,0,3.63,'357.747.7883',NULL,'M','Richard','Hunter','Hood\r'),('wesleythomas@example.com','Ryan Bautista',')+51HUKdWy','Korea','Timothyfort','Riverside',13,1,1.67,'+1-775-787-0032x75321',NULL,'M','William','Baker','Bishop\r'),('westadam@example.net','Kevin Phillips','+iZ6@+y30s','Brazil','Montoyashire','East Side',12,1,0.98,'562-389-0864',NULL,'F','Elizabeth','Dawson','Miller\r'),('whitakereric@example.org','Anthony Christian','pxB$7ApUs_','Ireland','Christianborough','West End',16,0,3.12,'+1-568-273-5256',NULL,'M','Randall','Ware','Kennedy\r'),('whitewilliam@example.net','Stephen Coffey','+K_GvoElt6','Spain','Amystad','Downtown',14,0,2.1,'+1-408-942-3166x52113',NULL,'F','Amanda','Whitehead','Brown\r'),('williamblair@example.com','Austin Mcclure','#M)IW_Xf+4','Colombia','West Erica','Central',2,1,0.1,'3458595458',NULL,'F','Alexandra','Jones','Palmer\r'),('williamschristopher@example.org','Marie Williams','$FuE7Zw+5&','Mongolia','Lake Earl','Downtown',15,0,0.47,'696-259-3650x9654',NULL,'F','Peter','White','Moore\r'),('williamsjonathon@example.com','Morgan Reid','dNtPu5lh*9','Monaco','East Melissa','Uptown',10,0,2.74,'925.388.0576x315',NULL,'F','Jonathan','Silva','Moore\r'),('williamswilliam@example.net','Brianna Smith','&^N)F9gB9i','Ecuador','Port Samanthaton','East Side',0,1,2.25,'853-661-8428x66334',NULL,'F','Abigail','Santiago','Anderson\r'),('wilsonjay@example.org','Tyler Peterson','zaOFZwvG#5','Heard Island and McDonald Islands','Donnaville','West End',14,0,1.04,'653-805-1819',NULL,'F','Ronald','Austin','Booker\r'),('wjacobs@example.org','Aimee Berry','ee54MJ(&M)','Lao People\'s Democratic Republic','West Eric','Downtown',8,1,3.57,'001-938-543-0665x09503',NULL,'F','Erik','Cox','Smith\r'),('wlane@example.com','David Callahan','+CtWPd4dy8','Georgia','Pattersontown','Downtown',16,1,1.34,'001-257-221-5684x95176',NULL,'F','Alexander','Todd','Gilmore\r'),('wongcurtis@example.com','Bonnie Solis','DkG1)I8^O+','Malawi','Andrewville','Central',10,1,1.64,'+1-919-675-8025x075',NULL,'F','Samantha','Copeland','Mclean\r'),('wsmith@example.org','Jo Shepard','#QMBgk)8i6','Mongolia','New Nicole','Central',12,1,2.59,'+1-744-789-2790x315',NULL,'F','Terri','Frank','Alexander\r'),('wswanson@example.org','Shannon Mccarthy','Dh8Jq@nF)@','Bosnia and Herzegovina','North Megan','Uptown',9,1,1.16,'201-799-8838x88124',NULL,'F','Daniel','Jacobson','Marshall\r'),('wwilkins@example.com','Alyssa Rogers','^g2(DCem7s','Mayotte','Glennborough','Riverside',3,1,3.75,'4372918002',NULL,'M','Donna','Murray','Ruiz\r'),('xbenson@example.net','Matthew Rivas','*#+9xRzfTn','Tanzania','North Gabriella','Central',12,0,2.66,'993-606-7912x0911',NULL,'F','Kristin','Diaz','Barron\r'),('xbryant@example.org','Joseph Boyd','J*OcO9KP)7','Uzbekistan','Lake Joshua','West End',6,1,1.99,'001-918-908-5822',NULL,'M','Daniel','Edwards','Bell\r'),('xcaldwell@example.net','Steven Goodman','IC(D3TeeuN','Grenada','South Nicholaschester','Downtown',11,1,0.04,'326.657.5838x5402',NULL,'M','Stephanie','Scott','Mcpherson\r'),('xgibson@example.net','Michelle Nguyen','$nGvlQdL7*','Chad','East Deanna','Central',11,0,0.87,'904.907.6578x05543',NULL,'M','Patricia','Davis','Jacobs\r'),('xking@example.com','Steven Brown','!0+JlTIx@!','Hong Kong','New Joelstad','West End',16,0,1.11,'001-584-981-0353',NULL,'M','Matthew','Ward','Hall\r'),('xnicholson@example.net','Cheryl Johnson','(@0EItenAP','Cambodia','West Matthewton','Riverside',7,0,3.25,'883-359-4972x772',NULL,'M','Christina','Holland','Nelson\r'),('xrichard@example.com','Cheyenne Jones','&R7q!OvqrV','British Indian Ocean Territory (Chagos Archipelago','Rachelbury','Uptown',14,1,1.33,'(962)634-3518',NULL,'F','Sarah','Hall','Norris\r'),('xrosales@example.com','Stephanie Moore DVM','@2TRgjN*Q7','American Samoa','Port Daleton','Downtown',7,1,1.87,'001-647-427-9692x7269',NULL,'F','Yolanda','Thomas','Ramos\r'),('yangamanda@example.org','Thomas Barber','!7PX1C@DIw','Italy','Port Ashleyton','East Side',3,0,3.09,'5223468006',NULL,'M','David','Newman','Harmon\r'),('yarroyo@example.net','Kyle Miller','9^)%z8*j0F','Andorra','West Chelseaton','Downtown',1,0,1.26,'+1-961-669-3249x634',NULL,'M','Tony','Williams','George\r'),('ybryan@example.net','Nancy Hughes','ls66@wQy#&','Bahamas','Lake Kevin','Riverside',1,1,1.6,'+1-736-961-7263',NULL,'F','Kristy','Kent','Morgan\r'),('yguzman@example.net','Dennis Jacobs','@d%*0OkIM%','Honduras','New Nicolemouth','West End',16,0,2.91,'686.203.0649x4229',NULL,'M','Melissa','Flores','Johnson\r'),('yharris@example.com','Nathan Rosales','J^90Zvqd@3','Tuvalu','Jaimeland','East Side',13,0,0.31,'+1-339-986-7008x262',NULL,'M','Kaitlin','Walton','Lambert\r'),('yjohnson@example.net','Mr. Juan Gutierrez','*O@EGsCcC8','India','Port Virginia','Riverside',4,0,0.75,'(243)756-3596',NULL,'M','James','Kim','Thomas\r'),('yjones@example.net','Kevin Wood','y4rHxZCL_x','Georgia','West Brian','West End',2,0,1.34,'+1-243-571-2141x405',NULL,'M','Lauren','Mccall','Williams\r'),('yolandagarcia@example.com','Paul Dean','@bPJLwO@01','Kuwait','North Tracyland','Downtown',10,1,1.25,'317.596.8209x4887',NULL,'F','Justin','Smith','Garza\r'),('zachary78@example.org','Mr. John Edwards','#%9^6Ar&v8','Guam','Jeffreyland','West End',2,1,1.92,'+1-732-305-4725x93529',NULL,'M','Daniel','Cummings','Frederick\r'),('zgibson@example.net','Sarah Nicholson','W*5RP_RoLy','Cyprus','Georgefurt','Downtown',4,1,0.7,'001-683-789-3284x82416',NULL,'M','Casey','Campos','Burke\r'),('zherrera@example.net','Benjamin Evans','7iwQFKo7+c','Poland','Davisville','Riverside',3,1,3.47,'+1-442-514-9198x48106',NULL,'M','Elijah','Ryan','Bell\r'),('zlee@example.net','Jonathan Barnett','(q8jZzylkW','China','Caitlinmouth','West End',8,0,1.05,'(490)471-9322',NULL,'F','Mark','Smith','Ryan\r'),('zmartin@example.org','Thomas Hernandez','Q8aj3wSf#_','Netherlands','Kennedyborough','Central',6,0,2.69,'834-481-4272x654',NULL,'F','Troy','Ward','Sandoval\r'),('ztorres@example.net','Tammy Jones','0ui9De%j_8','Malta','New Anna','Downtown',3,1,3.72,'(304)979-1512x22729',NULL,'M','Kathryn','Miller','Bonilla\r');

CREATE TABLE `user_skill` (
  `skill` varchar(50) NOT NULL,
  `email` varchar(50) NOT NULL,
  PRIMARY KEY (`email`,`skill`),
  CONSTRAINT `user_skill_ibfk_1` FOREIGN KEY (`email`) REFERENCES `user` (`email`) ON UPDATE CASCADE
);

INSERT INTO `user_skill` VALUES ('Computer Science','alan51@example.org'),('Information Technology (IT)','alan51@example.org'),('Software','alan51@example.org'),('Software Development','alan51@example.org'),('Software Engineering','alan51@example.org'),('Computer Science','alexisanderson@example.net'),('Information Technology (IT)','alexisanderson@example.net'),('Software','alexisanderson@example.net'),('Software Development','alexisanderson@example.net'),('Software Engineering','alexisanderson@example.net'),('Computer Science','allendiana@example.com'),('Information Technology (IT)','allendiana@example.com'),('Software','allendiana@example.com'),('Software Development','allendiana@example.com'),('Software Engineering','allendiana@example.com'),('Computer Science','amber17@example.com'),('Information Technology (IT)','amber17@example.com'),('Software','amber17@example.com'),('Software Development','amber17@example.com'),('Software Engineering','amber17@example.com'),('Computer Science','angelasims@example.com'),('Information Technology (IT)','angelasims@example.com'),('Software','angelasims@example.com'),('Software Development','angelasims@example.com'),('Software Engineering','angelasims@example.com'),('Computer Science','ashley31@example.com'),('Information Technology (IT)','ashley31@example.com'),('Software','ashley31@example.com'),('Software Development','ashley31@example.com'),('Software Engineering','ashley31@example.com'),('Computer Science','bbailey@example.net'),('Information Technology (IT)','bbailey@example.net'),('Software','bbailey@example.net'),('Software Development','bbailey@example.net'),('Software Engineering','bbailey@example.net'),('Computer Science','bgoodman@example.com'),('Information Technology (IT)','bgoodman@example.com'),('Software','bgoodman@example.com'),('Software Development','bgoodman@example.com'),('Software Engineering','bgoodman@example.com'),('Computer Science','bmorris@example.net'),('Information Technology (IT)','bmorris@example.net'),('Software','bmorris@example.net'),('Software Development','bmorris@example.net'),('Software Engineering','bmorris@example.net'),('Computer Science','bradley34@example.org'),('Information Technology (IT)','bradley34@example.org'),('Software','bradley34@example.org'),('Software Development','bradley34@example.org'),('Software Engineering','bradley34@example.org'),('Computer Science','brandon97@example.org'),('Information Technology (IT)','brandon97@example.org'),('Software','brandon97@example.org'),('Software Development','brandon97@example.org'),('Software Engineering','brandon97@example.org'),('Computer Science','brittanyatkinson@example.org'),('Information Technology (IT)','brittanyatkinson@example.org'),('Software','brittanyatkinson@example.org'),('Software Development','brittanyatkinson@example.org'),('Software Engineering','brittanyatkinson@example.org'),('Computer Science','butlermanuel@example.net'),('Information Technology (IT)','butlermanuel@example.net'),('Software','butlermanuel@example.net'),('Software Development','butlermanuel@example.net'),('Software Engineering','butlermanuel@example.net'),('Computer Science','cardenaswilliam@example.org'),('Information Technology (IT)','cardenaswilliam@example.org'),('Software','cardenaswilliam@example.org'),('Software Development','cardenaswilliam@example.org'),('Software Engineering','cardenaswilliam@example.org'),('Computer Science','carl81@example.net'),('Information Technology (IT)','carl81@example.net'),('Software','carl81@example.net'),('Software Development','carl81@example.net'),('Software Engineering','carl81@example.net'),('Computer Science','carlosharvey@example.net'),('Information Technology (IT)','carlosharvey@example.net'),('Software','carlosharvey@example.net'),('Software Development','carlosharvey@example.net'),('Software Engineering','carlosharvey@example.net'),('Computer Science','castroamy@example.net'),('Information Technology (IT)','castroamy@example.net'),('Software','castroamy@example.net'),('Software Development','castroamy@example.net'),('Software Engineering','castroamy@example.net'),('Computer Science','cbell@example.net'),('Information Technology (IT)','cbell@example.net'),('Software','cbell@example.net'),('Software Development','cbell@example.net'),('Software Engineering','cbell@example.net'),('Computer Science','chelseagray@example.com'),('Information Technology (IT)','chelseagray@example.com'),('Software','chelseagray@example.com'),('Software Development','chelseagray@example.com'),('Software Engineering','chelseagray@example.com'),('Computer Science','christianthornton@example.org'),('Information Technology (IT)','christianthornton@example.org'),('Software','christianthornton@example.org'),('Software Development','christianthornton@example.org'),('Software Engineering','christianthornton@example.org'),('Computer Science','contrerasshannon@example.net'),('Information Technology (IT)','contrerasshannon@example.net'),('Software','contrerasshannon@example.net'),('Software Development','contrerasshannon@example.net'),('Software Engineering','contrerasshannon@example.net'),('Computer Science','crobles@example.com'),('Information Technology (IT)','crobles@example.com'),('Software','crobles@example.com'),('Software Development','crobles@example.com'),('Software Engineering','crobles@example.com'),('Computer Science','crystalmcpherson@example.com'),('Information Technology (IT)','crystalmcpherson@example.com'),('Software','crystalmcpherson@example.com'),('Software Development','crystalmcpherson@example.com'),('Software Engineering','crystalmcpherson@example.com'),('Computer Science','crystalwebb@example.net'),('Information Technology (IT)','crystalwebb@example.net'),('Software','crystalwebb@example.net'),('Software Development','crystalwebb@example.net'),('Software Engineering','crystalwebb@example.net'),('Computer Science','darryl35@example.org'),('Information Technology (IT)','darryl35@example.org'),('Software','darryl35@example.org'),('Software Development','darryl35@example.org'),('Software Engineering','darryl35@example.org'),('Computer Science','ddiaz@example.net'),('Information Technology (IT)','ddiaz@example.net'),('Software','ddiaz@example.net'),('Software Development','ddiaz@example.net'),('Software Engineering','ddiaz@example.net'),('Computer Science','ddominguez@example.net'),('Information Technology (IT)','ddominguez@example.net'),('Software','ddominguez@example.net'),('Software Development','ddominguez@example.net'),('Software Engineering','ddominguez@example.net'),('Computer Science','dfox@example.org'),('Information Technology (IT)','dfox@example.org'),('Software','dfox@example.org'),('Software Development','dfox@example.org'),('Software Engineering','dfox@example.org'),('Computer Science','dustingilmore@example.net'),('Information Technology (IT)','dustingilmore@example.net'),('Software','dustingilmore@example.net'),('Software Development','dustingilmore@example.net'),('Software Engineering','dustingilmore@example.net'),('Computer Science','earl80@example.org'),('Information Technology (IT)','earl80@example.org'),('Software','earl80@example.org'),('Software Development','earl80@example.org'),('Software Engineering','earl80@example.org'),('Computer Science','erica72@example.com'),('Information Technology (IT)','erica72@example.com'),('Software','erica72@example.com'),('Software Development','erica72@example.com'),('Software Engineering','erica72@example.com'),('Computer Science','ericlee@example.net'),('Information Technology (IT)','ericlee@example.net'),('Software','ericlee@example.net'),('Software Development','ericlee@example.net'),('Software Engineering','ericlee@example.net'),('Computer Science','froberts@example.net'),('Information Technology (IT)','froberts@example.net'),('Software','froberts@example.net'),('Software Development','froberts@example.net'),('Software Engineering','froberts@example.net'),('Computer Science','gallagherstephanie@example.com'),('Information Technology (IT)','gallagherstephanie@example.com'),('Software','gallagherstephanie@example.com'),('Software Development','gallagherstephanie@example.com'),('Software Engineering','gallagherstephanie@example.com'),('Computer Science','garciabrenda@example.net'),('Information Technology (IT)','garciabrenda@example.net'),('Software','garciabrenda@example.net'),('Software Development','garciabrenda@example.net'),('Software Engineering','garciabrenda@example.net'),('Computer Science','gtaylor@example.com'),('Information Technology (IT)','gtaylor@example.com'),('Software','gtaylor@example.com'),('Software Development','gtaylor@example.com'),('Software Engineering','gtaylor@example.com'),('Computer Science','handrade@example.com'),('Information Technology (IT)','handrade@example.com'),('Software','handrade@example.com'),('Software Development','handrade@example.com'),('Software Engineering','handrade@example.com'),('Computer Science','hardyfrances@example.com'),('Information Technology (IT)','hardyfrances@example.com'),('Software','hardyfrances@example.com'),('Software Development','hardyfrances@example.com'),('Software Engineering','hardyfrances@example.com'),('Computer Science','hbridges@example.com'),('Information Technology (IT)','hbridges@example.com'),('Software','hbridges@example.com'),('Software Development','hbridges@example.com'),('Software Engineering','hbridges@example.com'),('Computer Science','hchen@example.com'),('Information Technology (IT)','hchen@example.com'),('Software','hchen@example.com'),('Software Development','hchen@example.com'),('Software Engineering','hchen@example.com'),('Computer Science','ian09@example.net'),('Information Technology (IT)','ian09@example.net'),('Software','ian09@example.net'),('Software Development','ian09@example.net'),('Software Engineering','ian09@example.net'),('Computer Science','ihernandez@example.org'),('Information Technology (IT)','ihernandez@example.org'),('Software','ihernandez@example.org'),('Software Development','ihernandez@example.org'),('Software Engineering','ihernandez@example.org'),('Computer Science','james06@example.net'),('Information Technology (IT)','james06@example.net'),('Software','james06@example.net'),('Software Development','james06@example.net'),('Software Engineering','james06@example.net'),('Computer Science','janicemelendez@example.com'),('Information Technology (IT)','janicemelendez@example.com'),('Software','janicemelendez@example.com'),('Software Development','janicemelendez@example.com'),('Software Engineering','janicemelendez@example.com'),('Computer Science','jensenharry@example.com'),('Information Technology (IT)','jensenharry@example.com'),('Software','jensenharry@example.com'),('Software Development','jensenharry@example.com'),('Software Engineering','jensenharry@example.com'),('Computer Science','jmartinez@example.net'),('Information Technology (IT)','jmartinez@example.net'),('Software','jmartinez@example.net'),('Software Development','jmartinez@example.net'),('Software Engineering','jmartinez@example.net'),('Computer Science','jonathanholmes@example.org'),('Information Technology (IT)','jonathanholmes@example.org'),('Software','jonathanholmes@example.org'),('Software Development','jonathanholmes@example.org'),('Software Engineering','jonathanholmes@example.org'),('Computer Science','jordan54@example.net'),('Information Technology (IT)','jordan54@example.net'),('Software','jordan54@example.net'),('Software Development','jordan54@example.net'),('Software Engineering','jordan54@example.net'),('Computer Science','josephbaker@example.org'),('Information Technology (IT)','josephbaker@example.org'),('Software','josephbaker@example.org'),('Software Development','josephbaker@example.org'),('Software Engineering','josephbaker@example.org'),('Computer Science','josephmurphy@example.net'),('Information Technology (IT)','josephmurphy@example.net'),('Software','josephmurphy@example.net'),('Software Development','josephmurphy@example.net'),('Software Engineering','josephmurphy@example.net'),('Computer Science','kelleylogan@example.org'),('Information Technology (IT)','kelleylogan@example.org'),('Software','kelleylogan@example.org'),('Software Development','kelleylogan@example.org'),('Software Engineering','kelleylogan@example.org'),('Computer Science','kevin48@example.org'),('Information Technology (IT)','kevin48@example.org'),('Software','kevin48@example.org'),('Software Development','kevin48@example.org'),('Software Engineering','kevin48@example.org'),('Computer Science','larryedwards@example.org'),('Information Technology (IT)','larryedwards@example.org'),('Software','larryedwards@example.org'),('Software Development','larryedwards@example.org'),('Software Engineering','larryedwards@example.org'),('Computer Science','laura18@example.net'),('Information Technology (IT)','laura18@example.net'),('Software','laura18@example.net'),('Software Development','laura18@example.net'),('Software Engineering','laura18@example.net'),('Computer Science','mark68@example.com'),('Information Technology (IT)','mark68@example.com'),('Software','mark68@example.com'),('Software Development','mark68@example.com'),('Software Engineering','mark68@example.com'),('Computer Science','meganfisher@example.net'),('Information Technology (IT)','meganfisher@example.net'),('Software','meganfisher@example.net'),('Software Development','meganfisher@example.net'),('Software Engineering','meganfisher@example.net'),('Computer Science','mercadojasmine@example.com'),('Information Technology (IT)','mercadojasmine@example.com'),('Software','mercadojasmine@example.com'),('Software Development','mercadojasmine@example.com'),('Software Engineering','mercadojasmine@example.com'),('Computer Science','michaelhahn@example.com'),('Information Technology (IT)','michaelhahn@example.com'),('Software','michaelhahn@example.com'),('Software Development','michaelhahn@example.com'),('Software Engineering','michaelhahn@example.com'),('Computer Science','michaelsmith@example.org'),('Information Technology (IT)','michaelsmith@example.org'),('Software','michaelsmith@example.org'),('Software Development','michaelsmith@example.org'),('Software Engineering','michaelsmith@example.org'),('Computer Science','michelle26@example.org'),('Information Technology (IT)','michelle26@example.org'),('Software','michelle26@example.org'),('Software Development','michelle26@example.org'),('Software Engineering','michelle26@example.org'),('Computer Science','mitchelljeffrey@example.com'),('Information Technology (IT)','mitchelljeffrey@example.com'),('Software','mitchelljeffrey@example.com'),('Software Development','mitchelljeffrey@example.com'),('Software Engineering','mitchelljeffrey@example.com'),('Computer Science','monicaschmitt@example.com'),('Information Technology (IT)','monicaschmitt@example.com'),('Software','monicaschmitt@example.com'),('Software Development','monicaschmitt@example.com'),('Software Engineering','monicaschmitt@example.com'),('Computer Science','nataliemorgan@example.com'),('Information Technology (IT)','nataliemorgan@example.com'),('Software','nataliemorgan@example.com'),('Software Development','nataliemorgan@example.com'),('Software Engineering','nataliemorgan@example.com'),('Computer Science','nicholas45@example.com'),('Information Technology (IT)','nicholas45@example.com'),('Software','nicholas45@example.com'),('Software Development','nicholas45@example.com'),('Software Engineering','nicholas45@example.com'),('Computer Science','nwatson@example.com'),('Information Technology (IT)','nwatson@example.com'),('Software','nwatson@example.com'),('Software Development','nwatson@example.com'),('Software Engineering','nwatson@example.com'),('Computer Science','ocrawford@example.org'),('Information Technology (IT)','ocrawford@example.org'),('Software','ocrawford@example.org'),('Software Development','ocrawford@example.org'),('Software Engineering','ocrawford@example.org'),('Computer Science','ograham@example.net'),('Information Technology (IT)','ograham@example.net'),('Software','ograham@example.net'),('Software Development','ograham@example.net'),('Software Engineering','ograham@example.net'),('Computer Science','orodriguez@example.org'),('Information Technology (IT)','orodriguez@example.org'),('Software','orodriguez@example.org'),('Software Development','orodriguez@example.org'),('Software Engineering','orodriguez@example.org'),('Computer Science','pamelajohnson@example.net'),('Information Technology (IT)','pamelajohnson@example.net'),('Software','pamelajohnson@example.net'),('Software Development','pamelajohnson@example.net'),('Software Engineering','pamelajohnson@example.net'),('Computer Science','pearsonjohn@example.net'),('Information Technology (IT)','pearsonjohn@example.net'),('Software','pearsonjohn@example.net'),('Software Development','pearsonjohn@example.net'),('Software Engineering','pearsonjohn@example.net'),('Computer Science','qkelly@example.org'),('Information Technology (IT)','qkelly@example.org'),('Software','qkelly@example.org'),('Software Development','qkelly@example.org'),('Software Engineering','qkelly@example.org'),('Computer Science','qstark@example.net'),('Information Technology (IT)','qstark@example.net'),('Software','qstark@example.net'),('Software Development','qstark@example.net'),('Software Engineering','qstark@example.net'),('Computer Science','rachaelhunt@example.net'),('Information Technology (IT)','rachaelhunt@example.net'),('Software','rachaelhunt@example.net'),('Software Development','rachaelhunt@example.net'),('Software Engineering','rachaelhunt@example.net'),('Computer Science','rachelhayden@example.org'),('Information Technology (IT)','rachelhayden@example.org'),('Software','rachelhayden@example.org'),('Software Development','rachelhayden@example.org'),('Software Engineering','rachelhayden@example.org'),('Computer Science','rcross@example.org'),('Information Technology (IT)','rcross@example.org'),('Software','rcross@example.org'),('Software Development','rcross@example.org'),('Software Engineering','rcross@example.org'),('Computer Science','ricknolan@example.org'),('Information Technology (IT)','ricknolan@example.org'),('Software','ricknolan@example.org'),('Software Development','ricknolan@example.org'),('Software Engineering','ricknolan@example.org'),('Computer Science','rlam@example.org'),('Information Technology (IT)','rlam@example.org'),('Software','rlam@example.org'),('Software Development','rlam@example.org'),('Software Engineering','rlam@example.org'),('Computer Science','robersonamanda@example.com'),('Information Technology (IT)','robersonamanda@example.com'),('Software','robersonamanda@example.com'),('Software Development','robersonamanda@example.com'),('Software Engineering','robersonamanda@example.com'),('Computer Science','robertarmstrong@example.net'),('Information Technology (IT)','robertarmstrong@example.net'),('Software','robertarmstrong@example.net'),('Software Development','robertarmstrong@example.net'),('Software Engineering','robertarmstrong@example.net'),('Computer Science','rperez@example.org'),('Information Technology (IT)','rperez@example.org'),('Software','rperez@example.org'),('Software Development','rperez@example.org'),('Software Engineering','rperez@example.org'),('Computer Science','rubioalexander@example.com'),('Information Technology (IT)','rubioalexander@example.com'),('Software','rubioalexander@example.com'),('Software Development','rubioalexander@example.com'),('Software Engineering','rubioalexander@example.com'),('Computer Science','ryan71@example.org'),('Information Technology (IT)','ryan71@example.org'),('Software','ryan71@example.org'),('Software Development','ryan71@example.org'),('Software Engineering','ryan71@example.org'),('Computer Science','ryanjackson@example.org'),('Information Technology (IT)','ryanjackson@example.org'),('Software','ryanjackson@example.org'),('Software Development','ryanjackson@example.org'),('Software Engineering','ryanjackson@example.org'),('Computer Science','shawn12@example.org'),('Information Technology (IT)','shawn12@example.org'),('Software','shawn12@example.org'),('Software Development','shawn12@example.org'),('Software Engineering','shawn12@example.org'),('Computer Science','spencejeremy@example.org'),('Information Technology (IT)','spencejeremy@example.org'),('Software','spencejeremy@example.org'),('Software Development','spencejeremy@example.org'),('Software Engineering','spencejeremy@example.org'),('Computer Science','stephanieturner@example.org'),('Information Technology (IT)','stephanieturner@example.org'),('Software','stephanieturner@example.org'),('Software Development','stephanieturner@example.org'),('Software Engineering','stephanieturner@example.org'),('Computer Science','stephen30@example.com'),('Information Technology (IT)','stephen30@example.com'),('Software','stephen30@example.com'),('Software Development','stephen30@example.com'),('Software Engineering','stephen30@example.com'),('Computer Science','stephen40@example.org'),('Information Technology (IT)','stephen40@example.org'),('Software','stephen40@example.org'),('Software Development','stephen40@example.org'),('Software Engineering','stephen40@example.org'),('Computer Science','taylor35@example.net'),('Information Technology (IT)','taylor35@example.net'),('Software','taylor35@example.net'),('Software Development','taylor35@example.net'),('Software Engineering','taylor35@example.net'),('Computer Science','taylornathan@example.net'),('Information Technology (IT)','taylornathan@example.net'),('Software','taylornathan@example.net'),('Software Development','taylornathan@example.net'),('Software Engineering','taylornathan@example.net'),('Computer Science','tguerrero@example.org'),('Information Technology (IT)','tguerrero@example.org'),('Software','tguerrero@example.org'),('Software Development','tguerrero@example.org'),('Software Engineering','tguerrero@example.org'),('Computer Science','thompsonnicole@example.com'),('Information Technology (IT)','thompsonnicole@example.com'),('Software','thompsonnicole@example.com'),('Software Development','thompsonnicole@example.com'),('Software Engineering','thompsonnicole@example.com'),('Computer Science','tuckersherri@example.com'),('Information Technology (IT)','tuckersherri@example.com'),('Software','tuckersherri@example.com'),('Software Development','tuckersherri@example.com'),('Software Engineering','tuckersherri@example.com'),('Computer Science','ufisher@example.net'),('Information Technology (IT)','ufisher@example.net'),('Software','ufisher@example.net'),('Software Development','ufisher@example.net'),('Software Engineering','ufisher@example.net'),('Computer Science','vrogers@example.org'),('Information Technology (IT)','vrogers@example.org'),('Software','vrogers@example.org'),('Software Development','vrogers@example.org'),('Software Engineering','vrogers@example.org'),('Computer Science','waltonashley@example.com'),('Information Technology (IT)','waltonashley@example.com'),('Software','waltonashley@example.com'),('Software Development','waltonashley@example.com'),('Software Engineering','waltonashley@example.com'),('Computer Science','whitakereric@example.org'),('Information Technology (IT)','whitakereric@example.org'),('Software','whitakereric@example.org'),('Software Development','whitakereric@example.org'),('Software Engineering','whitakereric@example.org'),('Computer Science','wjacobs@example.org'),('Information Technology (IT)','wjacobs@example.org'),('Software','wjacobs@example.org'),('Software Development','wjacobs@example.org'),('Software Engineering','wjacobs@example.org'),('Computer Science','xrosales@example.com'),('Information Technology (IT)','xrosales@example.com'),('Software','xrosales@example.com'),('Software Development','xrosales@example.com'),('Software Engineering','xrosales@example.com'),('Computer Science','yarroyo@example.net'),('Information Technology (IT)','yarroyo@example.net'),('Software','yarroyo@example.net'),('Software Development','yarroyo@example.net'),('Software Engineering','yarroyo@example.net');

DROP TABLE IF EXISTS `apply`;
CREATE TABLE `apply` (
  `email` varchar(50) NOT NULL,
  `company_name` varchar(100) DEFAULT NULL,
  `job_title` varchar(100) NOT NULL,
  `country` varchar(50) NOT NULL,
  `city` varchar(25) NOT NULL,
  `district` varchar(25) NOT NULL,
  `app_date` date NOT NULL,
  `cover_letter` varchar(5000) DEFAULT NULL,
  `question` varchar(1000) DEFAULT NULL,
  `answer` varchar(6000) DEFAULT NULL,
  PRIMARY KEY (`email`,`job_title`,`country`,`city`,`district`),
  KEY `apply_fk2` (`job_title`,`country`,`city`,`district`,`company_name`),
  CONSTRAINT `apply_fk1` FOREIGN KEY (`email`) REFERENCES `user` (`email`),
  CONSTRAINT `apply_fk2` FOREIGN KEY (`job_title`, `country`, `city`, `district`, `company_name`) REFERENCES `job_posting` (`job_title`, `country`, `city`, `district`, `company_name`) ON UPDATE CASCADE
); 

INSERT INTO `apply` VALUES ('alan51@example.org','(MSA) October University','Oracle Developer','Egypt','Giza','6th of October','2023-10-30',NULL,NULL,NULL),('alan51@example.org','2oolAmeme','Unity Game Developer','Egypt','Cairo','','2023-09-01',NULL,NULL,NULL),('brandon97@example.org','Air Products (Middle East) FZE','Operational Excellence Mechanical Integrity Engineer','Saudi Arabia','Khobar','','2022-12-12','I am really interested in this job position, and I will put A effort','Have you worked in mechanical integrity before?','Yes, this is not my first time working on a project related to this field'),('stephen40@example.org','Air Products (Middle East) FZE','Operational Excellence Mechanical Integrity Engineer','Saudi Arabia','Khobar','','2022-12-12',NULL,NULL,NULL);
